generic_name,unit,auto_calculate,route,reference_regimen,warnings,source_name,source_edition,source_ref
acetamionphen,mg,no,IV inf,Initial strength: 10mg/ml. Final concentration (IVP/IVPB): 10mg/ml. Standard preparation: 10mg/ml 50 or 100 mL vials. Maximum concentration: 10mg/ml. Preparation at maximum concentration: 10mg/ml. Premixed stability (RT/Ref): 24 hrs after spiking. Rate of administration: IVPB: 15 min.,Special conditions: Administer dose within 6 hours of opening vial Do not refrigerate or refreeze | Monitoring: Fever reduction Pain relief | Y-site compatibility: No information,"Adult Parenteral Dilution Manual, Jazan Specialist Hospital",JSH 2026,p.2
acetazolamide,mg,no,IVP IV inf,Initial strength: 100mg/ ml. Diluents: D5W NS. Reconstitution volume: 5 ml SWFI 4.64 mL dose <500mg. Final concentration (IVP/IVPB): Undiluted / 5mg/ ml. Standard preparation: 250mg/ 50ml D5W 250mg/ 50ml NS. Maximum concentration: 10mg/ml. Preparation at maximum concentration: 500mg/ 50ml D5W premixed 500mg/ 50ml NS premixed. Vial stability (RT/Ref): 24 hrs. Premixed stability (RT/Ref): 24 hrs / 24 hrs. Rate of administration: IVP: 1 min / IVPB: 15-30 min.,Special conditions: IM administration is not recommended | Monitoring: Intraocul ar pressure Serum electrolyte CBC | Y-site compatibility: no information but likely to be unstable,"Adult Parenteral Dilution Manual, Jazan Specialist Hospital",JSH 2026,p.2
acetylcystine,mg,no,IV inf,Initial strength: 200mg / ml. Diluents: D5W. Reconstitution volume: 10 ml. Final concentration (IVP/IVPB): LD: 150 mg/kg in 200 mL D5W Dose 2: 50 mg/kg in 500 mL D5W Dose 3: 100 mg/kg in 1000 mL D5W -To avoid fluid overload in patients <40 Kg and fluid restricted patients 2ed dose50 3ed dose100 LD 150 mg/kg mg/kg over mg/kg over 1hr BW( 4hrs Over 16 hrs KG) Aceta Aceta Aceta D5W D5W D5W -dote -dote -dote (ml) (ml) (ml) (ml) (ml) (ml) 30 22.5 100 7.5 250 15 500 25 18.75 100 6.25 250 12.5 500 20 15 60 5 140 10 280 15 11.25 45 3.75 105 7.5 210 10 7.5 30 2.5 70 5 140. Premixed stability (RT/Ref): 24 hrs. Rate of administration: IVPB: Loading Dose 15 min Dose 2 4hrs Dose3 16h rs.,Special conditions: Acolor change may occure in opend vials(light purple)and does not affect the safety or efficacy | Monitoring: Allergic reaction -LFT -KFT Serum level of acetamino phen Serum electolyte | Y-site compatibility: No information,"Adult Parenteral Dilution Manual, Jazan Specialist Hospital",JSH 2026,p.2
acyclovir,mg,no,IV inf,Initial strength: 25mg/ml. Diluents: D5W NS. Reconstitution volume: 10 ml SWFI. Final concentration (IVP/IVPB): NA IVP / 5mg/ ml IVPB. Standard preparation: 0- 500 mg/ 100 ml NS 0-500 mg/ 100 ml D5W. Maximum concentration: 7mg/ ml. Preparation at maximum concentration: 600-1750mg/ 250ml D5W 600-1750mg/ 250ml NS. Vial stability (RT/Ref): 12 hrs RT / NA Ref. Premixed stability (RT/Ref): 24 hrs RT / NA Ref. Rate of administration: IVP: NA IVP / IVPB: 60 min IVPB.,"Special conditions: -Rapid infusion can cause renal damage -Do not use bacteriostatic diluents -Doses less than 500mg diluted it in 100 cc ,doses greater than 500mg diluted in 250 cc | Monitoring: CBC LFT KFT | Y-site compatibility: Amikacin, ampicillin, benzylpenicillin, cefotaxime, cefuroxime,….etc","Adult Parenteral Dilution Manual, Jazan Specialist Hospital",JSH 2026,p.2
albumin,mg,no,IV inf,"Strength (name column): 5% 5g/100ml 20% 20mg/ 100ml 25% 25mg/ 100ml. Initial strength: 5%,20%. Diluents: premix ed. Reconstitution volume: premixed. Final concentration (IVP/IVPB): premixed. Standard preparation: Pre-mixed vials: [12.5 gm] [50 ml vial] [ 25 gm] [100ml ] Admixture: [12.5 gm] [250ml (5%)] [25 gm] [500 ml (5%)]. Maximum concentration: premixed. Preparation at maximum concentration: premixed. Vial stability (RT/Ref): premixe d / Prem ixed. Premixed stability (RT/Ref): 4 hrs after opening the vial. Use inline filter. Rate of administration: IVPB: Albumin 5% 2-4 ml/mint in pt with normal plasma volume, 5- 10 ml/mint in pt with hypoprotei nemia Albumin 20% 1- 2ml/mint.","Special conditions: Do not dilute 5% solution. Rapid infusion can cause vascular overload. albumin 25% can be given undiluted or diluted in normal saline or D5W infusion of large amounts of albumin diluted with D5W can result in hyponatremia; therefore, when using large volumes of albumin, dilution in NS is preferred CAUTION: Substantial reduction in tonicity, creating the potential for fatal hemolysis and acute renal failure, may result from the use of sterile water as a diluents | Monitoring: vital sign pulmonar y oedema hypervole mia Resp function BP Hemato crit | Y-site compatibility: Compatibility: Diltiazem HCL, Lorazepam","Adult Parenteral Dilution Manual, Jazan Specialist Hospital",JSH 2026,p.3
alfacalcidol (one –alpha),mg,no,IV bolus,Strength (name column): 1mcg/0.5ml 2mcg/ml. Initial strength: 1mcg/0.5m l 2mcg/ml. Final concentration (IVP/IVPB): undiluted IVP / NA IVPB. Standard preparation: 1mcg/day to be added to the return line from the HD machine at the end of HD. Maximum concentration: 1mcg/day to be added to the return line from the HD machine at the end of HD. Preparation at maximum concentration: 1mcg/day to be added to the return line from the HD machine at the end of HD. Vial stability (RT/Ref): NA RT / NA Ref. Premixed stability (RT/Ref): NA RT / Origi nal back ae Ref. Rate of administration: IVP: 30 sec IVP / IVPB: NA IVPB.,Special conditions: - protect from light - shake injection solution well prior to use | Monitoring: Electrolyt e level -KFTS -LFTs | Y-site compatibility: No information,"Adult Parenteral Dilution Manual, Jazan Specialist Hospital",JSH 2026,p.3
alprostadil prostaglandin,mg,no,IV inf,Strength (name column): E1. Initial strength: 0.5mg/ml. Diluents: D5W NS. Final concentration (IVP/IVPB): 2-10 mcg/ml. Standard preparation: 500mcg/ 250ml NS 500mcg/ 250ml D5W 500mcg/ 100ml NS 500mcg/ 100ml D5W 500mcg/ 50ml NS premixed 500mcg/ 50ml D5W. Maximum concentration: 20mcg/ml. Preparation at maximum concentration: 500mcg/ 25ml NA 500mcg/25ml D5W. Premixed stability (RT/Ref): 24 hrs / Origi nal back ae. Rate of administration: IVPB: 0.01- 0.1mcg/ kg/ mint.,"Special conditions: Undiluted alprostadil may interact with plastic volumetric infusion chambers changing their appearance so, the infusion solution should be added to the volumetric chamber first with the alprostadil added into the solution avoiding contact with the chamber walls. | Monitoring: Arterial pressure respirator y rate HR Temperat ure Degree of penile pain -length of erection -signs of infection | Y-site compatibility: Compatibility: Ampicillin Sodium, Cefazolin Sodium, Dobutamine HCL, Fentanyl Citrate….etc","Adult Parenteral Dilution Manual, Jazan Specialist Hospital",JSH 2026,p.4
amikacin,mg,no,IV inf,Initial strength: 50mg/ ml 250mg/ ml. Diluents: D5W NS. Final concentration (IVP/IVPB): 5mg/ml. Standard preparation: 500mg/ 100ml NS premixed 500mg/100ml D5W premixed. Maximum concentration: 5mg/ ml. Preparation at maximum concentration: 500mg/ 100ml NS premixed 500mg/100ml D5W premixed. Premixed stability (RT/Ref): 24 hrs / 48 hrs. Rate of administration: IVPB: 30–60 minutes.,"Special conditions: If used in combination with a penicillin or cephalosporin, administer at a different site. If this is not possible then flush the line thoroughly with a compatible solution between drugs. | Monitoring: RFT Level befor 4th dose and 30-60 min after Auditory test if possible | Y-site compatibility: Aciclovir, adrenaline, calcium gluconate, chloramphenicol sodium succinate, ciprofloxacine…","Adult Parenteral Dilution Manual, Jazan Specialist Hospital",JSH 2026,p.4
aminocaproic acid,mg,no,IV inf,Initial strength: 250mg/ ml. Diluents: D5W NS. Final concentration (IVP/IVPB): 20mg/ ml. Standard preparation: (1gm/50ml premixed) 2gm/100ml 3gm/150ml (4-5gm/ 250ml) (6-10gm /500ml) (11-20gm /1000 ml). Maximum concentration: 20mg/ ml. Preparation at maximum concentration: 10gm/500ml. Premixed stability (RT/Ref): 7 days / 7 days. Rate of administration: IVPB: 4-5 gm over 60 mint then 1gm/hr for 8 hrs.,Special conditions: It contain benzyl alcohol if given with athor drug contain bezyl alcohol Couse gasping syndrome symptom respiratory depression Metabolic acidosis IM not recommended | Monitoring: KFT Coagulati on profile | Y-site compatibility: Compatibility: Fenoldopam mesylate,"Adult Parenteral Dilution Manual, Jazan Specialist Hospital",JSH 2026,p.4
aminophylline,mg,no,IV inf,Initial strength: 25mg/ ml. Diluents: D5W NS. Final concentration (IVP/IVPB): NA IVP / 1mg/ ml as loading dose then followed by maintenance dose (max cont 25 mg/ml) IVPB. Standard preparation: 500mg/ 500ml D5W 500mg/ 500ml NS (loading dose) [0 - 250mg]/50ml (30 minutes) or [251-500 mg]/ 100 ml-(30 minutes) Continuous infusion: 500 mg/500 ml [Titrate] Fluid Restricted: 500 mg/250 ml [Titrate]. Maximum concentration: 25mg/ ml. Preparation at maximum concentration: 25mg/ ml. Vial stability (RT/Ref): NA RT / 24 hrs Ref. Premixed stability (RT/Ref): 24 hrs RT / NA Ref. Rate of administration: IVP: NA IVP / IVPB: Loading dose: 30 mint Maintenanc e dose: 0.36 mg/kg/mint Not greater than : 25mg/ mint IVPB.,"Special conditions: Equivalent to 80% Theophylline Protect from light Do not administer as IM | Monitoring: HR Respirato ry rate CNS effects Serum theophylli n | Y-site compatibility: Compatibility: Amphotericin B, amikacin, aztreonam, ceftazidime , esmolol","Adult Parenteral Dilution Manual, Jazan Specialist Hospital",JSH 2026,p.4
ammonium chloride,mg,no,IV inf,Initial strength: 5 meq/ml ammoniu m and chloride 5mEq/ml (20)ml. Diluents: D5W NS. Final concentration (IVP/IVPB): 100 – 200 meq / 500-1000 ml NS. Standard preparation: 100 – 200 meq / 500-1000 ml NS. Maximum concentration: 100 – 200 meq / 500-1000 ml NS. Preparation at maximum concentration: 100 – 200 meq / 500-1000 ml NS. Premixed stability (RT/Ref): Immedi ately. Rate of administration: IVPB: 5 ml / mint.,"Special conditions: -Do not freeze -ammonium chloride may crystallize when exposed to low temperatures. If crystallization occurs, the injection should be warmed to room temperature in a water bath prior to use. -Do not exceed a concentration of 1–2% ammonium chloride. | Monitoring: -Monitor for symptoms of ammonia toxicity (pallor, sweating, retching, bradycar dia, arrhythmi as, hypervent ilation, local and general twitching, tonic convulsio ns, coma). -Monitor serum bicarbona te -Monitor arterial blood gases -LFT | Y-site compatibility: Compatibility: No information","Adult Parenteral Dilution Manual, Jazan Specialist Hospital",JSH 2026,p.5
amobarbital,mg,no,IV inf IM,Initial strength: 100 mg/ml For IV use 100mg/ml For IM use 200mg/ml. Diluents: D5W NS SWFI. Reconstitution volume: 5 ml SWFI For IV use 5ml SWFI For IM use 2.5ml SWFI. Final concentration (IVP/IVPB): NA IVP / 100mg/ml IVPB. Standard preparation: 500mg/5ml SWFI. Maximum concentration: 100mg/ml. Preparation at maximum concentration: 500mg/5ml SWFI. Vial stability (RT/Ref): 30 mint RT / NA Ref. Premixed stability (RT/Ref): NA RT / NA Ref. Rate of administration: IVP: NA IVP / IVPB: 50 mg/ minut e IVPB.,Special conditions: -Rotate the ampoule to facilitate solution and must not be shaken - IM :a solution containing 200 mg/mL (20%) 500 mg of the sterile powder for injection should be dissolved in 2.5 mL of SWFI -IM dose should not exceed 5ml at any one site -Do not use if solution does not become absolutely clear within 5 min after reconstitution | Monitoring: -vital signs -BP - respiratio n -cardiac function -KFT -LFT hematolog ic paramete rs | Y-site compatibility: Compatibility: No information,"Adult Parenteral Dilution Manual, Jazan Specialist Hospital",JSH 2026,p.5
amoxacillin/ claulenic acid,mg,no,"IVP, IV inf",Strength (name column): 600mg 1.2gm 600mg/10ml 1.2gm/20ml. Initial strength: 60mg/ ml. Diluents: NS. Reconstitution volume: 600mg dose 10 ml SWFI 1.2gm dose 20ml SWFI. Final concentration (IVP/IVPB): Undiluted / 12mg/ml. Standard preparation: Premixed 600mg/50ml 1.2gm/100 ml NS. Maximum concentration: 12mg/ml. Preparation at maximum concentration: Premixed 600mg/50ml NS. Vial stability (RT/Ref): Use immedia tly. Premixed stability (RT/Ref): 4hrs / 8hrs. Rate of administration: IVP: 10 mint / IVPB: 30 mint.,"Special conditions: Signs and symptoms of anaphylaxis during first dose Glucose containing solution not recommended Im not recommend | Monitoring: KF T RF T Hematologi c function | Y-site compatibility: Compatibility Lorazepam,clarit hromycin","Adult Parenteral Dilution Manual, Jazan Specialist Hospital",JSH 2026,p.6
ampicillin,mg,no,IVP IV inf,Strength (name column): 500 mg 1000 mg. Initial strength: 100mg/ ml. Diluents: NS D5W. Reconstitution volume: 5 ml SWFI 500 mg vial. 9.2ml SWFI 1g vial. Final concentration (IVP/IVPB): Undiluted / 20mg/ ml. Standard preparation: Premixed: 1g/50ml NS 1g/50ml D5W. Maximum concentration: 30mg/ ml. Preparation at maximum concentration: 3g/100ml NS. Vial stability (RT/Ref): 1 hr - if D5W used as a diluent the resulting solution stable for 2 hours vs. 8 hours if prepare d with NS (D5W has limited stability) / 4hrs. Premixed stability (RT/Ref): 8 hrs / 2 days. Rate of administration: IVP: 3-5 mint for 500m g 10-15 mint for 1- 2 g / IVPB: 30-60 min.,"Special conditions: -Intraoeritoneal injection dissolve 500mg with 10 ml SWFI -Intrapleural Injection 500mg with 5-10 ml SWFI -Intra-articular use 500mg in 5 ml SWFI -NS is the diluents of choice - IM dissolve 500mg with 1.8 mL SWFI shake vigorously to give 250 mg/mL - IM ,IVP stable for 1hrr -Rapid infusion may cause seizure | Monitoring: CBC LFT KFT Allergic reactio n | Y-site compatibility: Compatibility: Aciclovir, aztreonam, esmolol….etc","Adult Parenteral Dilution Manual, Jazan Specialist Hospital",JSH 2026,p.6
antithymocyte globulin,mg,no,IV inf,Strength (name column): 25mg/ml lymphocyte immune globulin) (ATG) (Rabbit). Initial strength: 5mg/ml. Diluents: NS D5W. Reconstitution volume: 5ml SWFI. Final concentration (IVP/IVPB): NA IVP / 0.5 mg/ml IVPB. Standard preparation: Premixed: 25mg/50 ml NS 25mg/50 ml D5W. Maximum concentration: 0.5 mg/ml. Preparation at maximum concentration: Premixed: 25mg/50 ml NS 25mg/50 ml D5W. Vial stability (RT/Ref): 4 hrs RT / NA Ref. Premixed stability (RT/Ref): Use immedi atly RT / NA Ref. Rate of administration: IVP: NA IVP / IVPB: 6 hrs for first infusion 4 hrs subsequent infusion IVPB.,"Special conditions: - Mix diluted solution by gently inverting infusion bag only once or twice. - Use(0.22micron)in line filter -Allow the vials of ATG and diluents to warm to room temp Before reconstitution -Protected from light and freezing -Should be prepared immediately before use | Monitoring: Lymphoc yte profile -CBC -Platelet count -Vital signs during administr ation -KFT Hypersen sitivity reaction -Signs and symptoms of infection | Y-site compatibility: Compatibility: Heparin sodium , hydrocortisone sodium succinate","Adult Parenteral Dilution Manual, Jazan Specialist Hospital",JSH 2026,p.6
antivenom (polyvalent scorpion) (equine),mg,no,IV inf,Initial strength: 3.5mg/ml NS (1 amp). Diluents: NS. Final concentration (IVP/IVPB): 5 ampoules diluted in 50ml 0.5 NS. Standard preparation: 5 ampoules/50 ml 0.5 NS. Maximum concentration: 5 ampoules diluted in 50ml 0.5 NS. Preparation at maximum concentration: 5 ampoules/50 ml 0.5 NS. Rate of administration: IVPB: 30 mint.,"Special conditions: -Administer test dose first, injection 0.1 ml antivenom intradermally If positive use agoat antivenom -may repeat dose up to 20 amps if necessary -monitor patient closely during and up to 60 mint | Y-site compatibility: No information","Adult Parenteral Dilution Manual, Jazan Specialist Hospital",JSH 2026,p.7
antivenom (poluvalent snake) (equine),mg,no,"IVP, IV inf",Initial strength: Combinati on of 6 saudi snakes venom. Final concentration (IVP/IVPB): Undiluted / Dilute 40 ml antivenom in 5 ml/kg NS. Standard preparation: Dilute 40 ml antivenom in 5 ml/kg NS. Maximum concentration: Dilute 40 ml antiveno m in 5 ml/kg NS. Preparation at maximum concentration: Dilute 40 ml antivenom in 5 ml/kg NS. Rate of administration: IVP: 4 ml/mi nt / IVPB: 30-60 mint.,"Monitoring: Urine output Pulse, BP, heart rate Urea and electrolyte | Y-site compatibility: No information","Adult Parenteral Dilution Manual, Jazan Specialist Hospital",JSH 2026,p.7
atenolol,mg,no,"IVP, IV inf",Strength (name column): 5mg/10ml. Initial strength: 0.5mg/ml. Final concentration (IVP/IVPB): Undiluted / 0.5mg/ml. Standard preparation: Premixed: 5mg in 50 ml NS 5mg in 50 ml D5W. Maximum concentration: 0.5mg/ml. Preparation at maximum concentration: Premixed: 5mg in 50 ml NS 5mg in 50 ml D5W. Premixed stability (RT/Ref): Use immedi ately / 24 hrs. Rate of administration: IVP: 1mg/ mint / IVPB: 30 mint.,"Special conditions: -Protect from light | Monitoring: -ECG -Blood pressure -Heart rate | Y-site compatibility: Meropenem, morphine sulfate","Adult Parenteral Dilution Manual, Jazan Specialist Hospital",JSH 2026,p.7
atropine,mg,no,IVP,Initial strength: 0.4 mg/ml ampoule or 0.6 mg/ml ampoule or 0.1 mg/ml prefilled syringe. Final concentration (IVP/IVPB): undiluted IVP / NA IVPB. Vial stability (RT/Ref): NA RT / NA Ref. Premixed stability (RT/Ref): immedi ately RT / NA Ref. Rate of administration: IVP: ≤1 mg/m int IVP / IVPB: NA IVPB.,"Special conditions: -Do not freeze -Administer without further dilution -Slow injection cause paradoxical bradycardia -IV atropine sulfate should be injected rapidly during resuscitative efforts, followed by a 20-mL flush of IV fluid and elevation of the extremity for 10– 20 seconds in order to facilitate drug delivery to the central circulation -Intratracheal: dilute in 10 ml of NS or SWFI | Monitoring: -Cardiac monitor -Heart rate -Blood pressure -Pulse -Mental status | Y-site compatibility: fentanyl, hydrocortisone sodium succinate, meropenem,","Adult Parenteral Dilution Manual, Jazan Specialist Hospital",JSH 2026,p.7
azathioprine,mg,no,IVP IV inf,Initial strength: 10mg/ ml. Diluents: D5W NS. Reconstitution volume: 5 ml SWFI. Final concentration (IVP/IVPB): 5-10 mg/ml (Withdraw the dose and dilute to 20 mL with NaCl 0.9% after given the dose flush immediately with at least 50 ml NS) / 0.5mg/ ml. Standard preparation: 50mg/ 100ml D5W 50mg/ 100ml NS. Maximum concentration: 0.5mg/ ml. Preparation at maximum concentration: 50mg/ 100ml D5W 50mg/ 100ml NS. Vial stability (RT/Ref): 24 hrs. Premixed stability (RT/Ref): 24 hrs / 24 hrs. Rate of administration: IVP: 3-5 min / IVPB: 30-60 min.,Special conditions: IM not recommended -Swirl vial gently -Do not shake -Protect from light -Azathioprine injection is alkaline and very irritant and it should only be used when the oral route is impractical | Monitoring: CBC Platelet counts Total Bilirubin LFT KFT | Y-site compatibility: No information,"Adult Parenteral Dilution Manual, Jazan Specialist Hospital",JSH 2026,p.8
azithromycin,mg,no,IV inf,Initial strength: 100 mg/ml. Diluents: D5W NS. Reconstitution volume: 4.8 ml SWFI. Final concentration (IVP/IVPB): 1 mg/ml. Standard preparation: 250 mg/250ml NS Or 250 mg/250 ml D5W. Maximum concentration: 2 mg/ml. Preparation at maximum concentration: 500 mg/250ml NS Or 500 mg/250 ml D5W. Vial stability (RT/Ref): 24 hrs. Premixed stability (RT/Ref): 24 hrs / 7 day. Rate of administration: IVPB: 1 mg/ml conce rate over 3 hrs Or 2 mg/ml conce rate over 1 hrs.,"Special conditions: - Not for IM or Bolus -Do not mix with other drugs | Monitoring: -LFT -CBC | Y-site compatibility: Compatibility: Doripenem, HCL,Tigecycline, Caspofungin..etc","Adult Parenteral Dilution Manual, Jazan Specialist Hospital",JSH 2026,p.8
basiliximab,mg,no,IVP IV inf,Initial strength: 4mg/ml. Diluents: D5W NS. Reconstitution volume: 5 ml SWFI. Final concentration (IVP/IVPB): 4mg/ml / 0.4 mg/ml. Standard preparation: 20 mg/ 50ml NS 20mg/50ml D5W. Maximum concentration: 0.8mg/ml. Preparation at maximum concentration: 20 mg/25ml NS 20 mg/25ml D5W. Vial stability (RT/Ref): 4 hrs / 24 hrs. Rate of administration: IVPB: 20-30 mint.,"Special conditions: -IV bolus may cause nausea, vomiting, and local reactions, including pain - the diluted IV solution should be mixed by gently inverting the bag; should not be shaken to prevent foaming formatiom | Monitoring: Signs and symptoms of acute rejection | Y-site compatibility: Compatibility: No information","Adult Parenteral Dilution Manual, Jazan Specialist Hospital",JSH 2026,p.8
botulinim toxin type a botox,unit,no,IM,Strength (name column): 100 units/vial. Diluents: NS without preserv ative. Reconstitution volume: 1ml volume NS give strength 10 units /0.1ml 2ml volume NS 5 units /0.1ml 4ml volume NS 2.5units/0.1 ml 8ml volume NS 1.25units/0. 1 ml. Final concentration (IVP/IVPB): For IM use IVP / For IM use IVPB. Standard preparation: For IM use. Maximum concentration: For IM use. Preparation at maximum concentration: For IM use. Vial stability (RT/Ref): 4 hrs RT / NA Ref. Premixed stability (RT/Ref): NA RT / NA Ref. Rate of administration: IVP: NA IVP / IVPB: NA IVPB.,Special conditions: -do not shake vial -refrigerate -for IM use only -do not freeze,"Adult Parenteral Dilution Manual, Jazan Specialist Hospital",JSH 2026,p.8
calcitonin,unit,no,IV inf,Strength (name column): 100 I.U/ml. Initial strength: 100 I.U/ml. Diluents: NS. Final concentration (IVP/IVPB): 5-10 I.U/kg. Standard preparation: 5-10 I.U/kg In 500 ml NS Hypercalcemic crisis. Maximum concentration: 300 I.U. Preparation at maximum concentration: 300 I.U/ 500 ml NS acute pancreatitis. Premixed stability (RT/Ref): immedi ately. Rate of administration: IVPB: 6 hrs.,Monitoring: -serum electrolyte -alkaline phosphata se -24 hrs urine collection for hydroxyp roline excretion (paget's disease) | Y-site compatibility: Compatibility: No information,"Adult Parenteral Dilution Manual, Jazan Specialist Hospital",JSH 2026,p.9
calcitriol,mg,no,IVP,"Strength (name column): (1,25dihydroxych olecalciferol) 1mcg/ml. Initial strength: 1mcg/ ml. Final concentration (IVP/IVPB): 1 mcg/ml. Rate of administration: IVP: 2-3 mint.",Special conditions: -dose is usually administered as an IV bolus through the catheter at the end of dialysis -syringe stable at room temperature for 8 hrs -protect from light | Monitoring: -symptom of hypercalc emia -serum electrolyte -serum Albumin | Y-site compatibility: Compatibility: No information,"Adult Parenteral Dilution Manual, Jazan Specialist Hospital",JSH 2026,p.9
calcium chloride,mg,no,IVP IV inf,Strength (name column): 10% 1 gm/10ml. Initial strength: 100 mg/ml 1.4 mEq/ml. Diluents: D5W NS. Final concentration (IVP/IVPB): Undiluted IVP / 5 mg/ ml IVPB. Standard preparation: 0.5g/ 100ml D5W 0.5g/ 100ml NS. Maximum concentration: 20mg/ ml. Preparation at maximum concentration: 5g/ 250ml D5W 5g/ 250ml NS. Vial stability (RT/Ref): Use fresh RT / NA Ref. Premixed stability (RT/Ref): 24 hrs RT / NA Ref. Rate of administration: IVP: 3–5 mint IVP / IVPB: 1 hr IVPB.,"Special conditions: -Do not mix with carbonates, phosphates, sulfates, or tartrates. Do not give by IM or Subcutaneous -stop the infusion if patient complains pain or discomfort - Small veins should not be used for infusion - 1 gm =6.8 mmol=13.6 meq =273 mg | Monitoring: BP ECG Serum Ca KFT Heart rate Site of injection | Y-site compatibility: Adrenaline, lidocaine, milrinone, noradrenaline, verapamil","Adult Parenteral Dilution Manual, Jazan Specialist Hospital",JSH 2026,p.9
calcium folinate,mg,no,IVP IV inf,Initial strength: 10mg/ ml. Diluents: D5W NS. Final concentration (IVP/IVPB): 10mg/ml / ≤10mg/ml. Standard preparation: ≤10mg/ml. Maximum concentration: 10mg/ml. Preparation at maximum concentration: 10mg/m l. Vial stability (RT/Ref): Use immedia tely When reconstit ute with SWFI Stable for 7 day when reconstit ute with bacterio static WFI containi ng benzyl alcohol. Premixed stability (RT/Ref): Use immedi ately / 24 hrs. Rate of administration: IVP: 160 mg/m inute / IVPB: 2 hr.,"Special conditions: -protect from light -The drug should be given parenterally rather than orally in patients with GI toxicity, nausea, or vomiting and when individual doses greater than 25 mg -reconstituted with bacteriostatic water containing benzyl alcohol should be used only when parenteral doses of 10 mg/m2 or lower are required | Monitoring: -serum Ca - Diarrhoea - Creatinin e and methotrex ate -LFT -KFT -CBC | Y-site compatibility: Aztreonam, fluconazole, furosemide, granisetron, linezolid….etc","Adult Parenteral Dilution Manual, Jazan Specialist Hospital",JSH 2026,p.10
calcium gluconate,mg,no,IVP IV inf,Strength (name column): 10%. Initial strength: 100 mg/ml 0.465 mEq/ml. Diluents: D5W NS. Final concentration (IVP/IVPB): Undiluted IVP / 20mg/ ml IVPB. Standard preparation: Premixed: 1g/ 50ml D5W 1g/ 50ml NS. Maximum concentration: 50mg/ ml. Preparation at maximum concentration: 5g/ 100ml D5W 5g/ 100ml NS. Vial stability (RT/Ref): Use fresh RT / NA Ref. Premixed stability (RT/Ref): 24 hrs RT / NA Ref. Rate of administration: IVP: 1.5 ml/mi nt IVP / IVPB: 2ml/mint IVPB.,Special conditions: -Do not Refrigerate -IM is not recommended -Small veins should not be used for infusion -Should not be infused through an arterial catheter because of the potential for vasospasm -IV calcium should be used cautiously in patients receiving cardiac glycosides because of the potential of arrhythmias -Use small needle into large vein | Monitoring: ECG Serum Ca KFT Blood pressure Injection site | Y-site compatibility: No information,"Adult Parenteral Dilution Manual, Jazan Specialist Hospital",JSH 2026,p.10
capreomycin,mg,no,IV inf,Initial strength: 500mg/ml 370mg/ml. Diluents: NS. Reconstitution volume: For IV Dissolve in 2 ml of NS or SWFI For IM adminstration 2ml NS or SWFI 500mg/ ml conc or 2.15 ml NS or SWFI 370m g/ml Conc 2.63ml NS or SWFI 310m g/ml Conc 3.3ml NS or SWFI 260mg/ ml conc 4.3ml NS or SWFI 210mg/ ml conc And allow 2-3 mint for dissolution. Final concentration (IVP/IVPB): 370mg/ml. Standard preparation: 795.5mg/ 100ml NS. Maximum concentration: 500mg/ml. Preparation at maximum concentration: 1gm/100ml NS. Vial stability (RT/Ref): Use immedia tely / 24 hrs. Premixed stability (RT/Ref): Use immedi ately / 24 hrs. Rate of administration: IVPB: 60 mint.,Special conditions: -can be administer IM | Monitoring: Audiomet ric measurem ents and vestibular function -KFT -LFT -serum K level | Y-site compatibility: No information,"Adult Parenteral Dilution Manual, Jazan Specialist Hospital",JSH 2026,p.11
caspofungin,mg,no,IV inf,Initial strength: 5mg/ ml 7mg/ ml. Diluents: NS. Reconstitution volume: 10.5 ml SWFI. Final concentration (IVP/IVPB): NA IVP / 0.2mg/ ml IVPB. Standard preparation: 50mg/ 250ml NS. Maximum concentration: 0.5mg/ ml. Preparation at maximum concentration: 50 mg/ 100ml NS. Vial stability (RT/Ref): Use fresh RT / 24 hrs Ref. Premixed stability (RT/Ref): 24 hrs RT / 48 hrs Ref. Rate of administration: IVP: NA IVP / IVPB: 60 min IVPB.,"Special conditions: Refrigerate -Do not mix with dextrose -Fluid restriction patient: 50 mg and 35 mg doses (but not 70 mg) may be given in 100 mL NaCl 0.9% | Monitoring: -CBC, electrolyte -Vital signs -Tissue, blood and or sputum culture before and after treatment -LFT | Y-site compatibility: No information","Adult Parenteral Dilution Manual, Jazan Specialist Hospital",JSH 2026,p.11
cefazoline,mg,no,IVP IV inf,Initial strength: 100mg/ml. Diluents: D5W NS. Reconstitution volume: 10ml SWFI. Final concentration (IVP/IVPB): 1mg/10ml (Undiluted) Maximum 138mg/ml / 20mg/ml. Standard preparation: Premixed: 1g /50ml NS 1g/50ml D5W. Maximum concentration: 69mg/ml NS 77mg/ml D5W. Preparation at maximum concentration: 6.9gm/100ml NS 7.7mg/100ml D5W. Vial stability (RT/Ref): 24 hrs / 10 day. Premixed stability (RT/Ref): 2 days / 14 days. Rate of administration: IVP: 3-5 mint / IVPB: 30 – 60 mint.,"Special conditions: -protect from light - frozen cefazolin injections are stable for 48 hours at room temperature or 30 days when refrigerated - Iv push 50-100 mg/ml Intermetent infusion 5-20 mg/ml | Monitoring: Hypersen sitivity -KFT -LFT -CBC | Y-site compatibility: Acyclovir Na, alprostadil, atracurium aztreonam….etc","Adult Parenteral Dilution Manual, Jazan Specialist Hospital",JSH 2026,p.12
cefepime,mg,no,IV inf,Initial strength: 100mg/ ml for 1g dose 160mg/ml for 2g dose. Diluents: D5W NS. Reconstitution volume: If the single dose 2g( IV) amount of l SWFI 1g(IV) 10ml 1g(IM) 2.4ml. Final concentration (IVP/IVPB): 20mg/ ml. Standard preparation: Premixed: 1g/ 50ml D5W 1g/ 50ml NS. Maximum concentration: 40mg/ ml. Preparation at maximum concentration: 2g/ 100ml D5W 2g/ 100ml NS. Vial stability (RT/Ref): 24 hrs / 7 days. Premixed stability (RT/Ref): 24 hrs / 7 days. Rate of administration: IVPB: 30 min.,"Special conditions: Can be given IM | Monitoring: CBC Hypersen sitivity Renalfunc tion -KFT | Y-site compatibility: amikacin, fluconazole","Adult Parenteral Dilution Manual, Jazan Specialist Hospital",JSH 2026,p.12
cefotaxime,mg,no,IVP IV inf,Initial strength: 100mg/ ml. Diluents: D5W NS. Reconstitution volume: 10ml SWFI. Final concentration (IVP/IVPB): Undiluted 200 mg/mL via central catheter and 60 mg/mL via peripheral vein Maximum conc for IVP: 147 mg/ml in SWFI / 20mg/ ml. Standard preparation: Premixed: 1g/ 50ml D5W 1g/ 50ml NS. Maximum concentration: 86 mg/mL in D5W 73 mg/mL in NS. Preparation at maximum concentration: 4.3 gm / 50ml D5W 3.65gm/ 50ml NS. Vial stability (RT/Ref): 24 hrs / 7 days. Premixed stability (RT/Ref): 24 hrs / 5 days. Rate of administration: IVP: 3-5 min / IVPB: 20–60 minutes.,"Special conditions: Refrigerate -Do not give in severe heart failure and in patients with an un-paced heart block. -can be given deep IM -Rapid IV push (<1 minute) of a cephalosporin has caused potentially life-threatening arrhythmias. -Protect from light | Monitoring: CBC KFT LFT Hypersen sitivity | Y-site compatibility: combatability: Aciclovir, aztreonam, granisetron, magnesium sulfate, ….etc","Adult Parenteral Dilution Manual, Jazan Specialist Hospital",JSH 2026,p.12
ceftazidime,mg,no,IVP IV inf,Initial strength: 100mg/ ml. Diluents: D5W NS. Reconstitution volume: 10ml SWFI. Final concentration (IVP/IVPB): Undiluted 100–200 mg/mL in SW IVP / 10mg/ ml IVPB. Standard preparation: Premixed: 1g/ 100ml D5W 1g/ 100ml NS. Maximum concentration: 40mg/ ml. Preparation at maximum concentration: 2g/ 100ml D5W 2g/ 100ml NS. Vial stability (RT/Ref): 18 hrs RT / 7 days Ref. Premixed stability (RT/Ref): NA RT / NA Ref. Rate of administration: IVP: 3-5 min IVP / IVPB: 20-30 min IVPB.,"Special conditions: -For IM: Add 3ml SWFI to 1gm vial lead to 260mg/ml and administer without further dilution | Monitoring: CBC KFT LFT Hypersen sitivity | Y-site compatibility: Aciclovir, aztreonam, dopamine, esmolol, furosemide, granisetron…etc","Adult Parenteral Dilution Manual, Jazan Specialist Hospital",JSH 2026,p.12
cefuroxime,mg,no,IVP IV inf,Initial strength: 100mg/ ml. Diluents: D5W NS. Reconstitution volume: 7.2 ml SWFI. Final concentration (IVP/IVPB): (100mg/ ml) Undiluted Maximum:1 00mg/ ml / 7.5mg/ ml. Standard preparation: Premixed: 750mg/ 100ml D5W 750mg/ 100ml NS. Maximum concentration: 15mg/ ml. Preparation at maximum concentration: 1.5g/ 100ml D5W 1.5g/ 100ml NS. Vial stability (RT/Ref): 24 hrs / 48hrs. Premixed stability (RT/Ref): 24 hrs / 7 days. Rate of administration: IVP: 3-5 min / IVPB: 30 min.,"Special conditions: For IM: Add 3 ml SWFI to 750mg vial to give 225mg/ml | Monitoring: CBC KFT LFT Hypersen sitivity Hematolo gic function | Y-site compatibility: Aciclovir, granisetron, linezolid…etc","Adult Parenteral Dilution Manual, Jazan Specialist Hospital",JSH 2026,p.13
cephradine,mg,no,IVP IV inf,Initial strength: 100mg/ ml. Diluents: D5W NS. Reconstitution volume: 5 ml SWFI for 500 mg dose 10 ml SWFI For 1gm dose. Final concentration (IVP/IVPB): Undiluted / 10mg/ ml. Standard preparation: 1g/ 100ml D5W 1g/ 100ml NS. Maximum concentration: 20mg/ ml. Preparation at maximum concentration: 2g/ 100ml D5W 2g/ 100ml NS. Vial stability (RT/Ref): Use fresh / 12 hrs. Premixed stability (RT/Ref): 24 hrs / 24 hrs. Rate of administration: IVP: 3-5 min / IVPB: 30 min.,Special conditions: Can be given IM | Monitoring: CBC KFT LFT Hypersen sitivity | Y-site compatibility: No information,"Adult Parenteral Dilution Manual, Jazan Specialist Hospital",JSH 2026,p.13
chlorpromazine,mg,no,IVP IV inf,Initial strength: 25mg/ ml. Diluents: D5W NS. Final concentration (IVP/IVPB): 1mg/ ml / 0.25mg/ ml. Standard preparation: 25mg/ 100ml D5W 25mg/ 100ml NS. Maximum concentration: 0.5mg/ ml. Preparation at maximum concentration: 50mg/ 100ml D5W 50mg/ 100ml NS. Vial stability (RT/Ref): Use fresh. Premixed stability (RT/Ref): Use fresh. Rate of administration: IVP: 1mg/ mint / IVPB: 1mg/mint.,"Special conditions: -Do not refrigerate -IM is recommended IV irritating -Protect from light Don’t use for lees than 6 month | Monitoring: BP ECG KFT RFT | Y-site compatibility: Cisatracurium, fluconazole, granisetron, hydrocortisone sodium….etc","Adult Parenteral Dilution Manual, Jazan Specialist Hospital",JSH 2026,p.13
ciprofloxacine,mg,no,IV inf,Initial strength: 2mg/ ml. Diluents: D5W. Final concentration (IVP/IVPB): 2mg/ ml. Standard preparation: 200mg/ 100ml D5W 400mg/ 200ml D5W. Maximum concentration: 2mg/ ml. Preparation at maximum concentration: 200mg/ 100ml D5W 400mg/ 200ml D5W. Premixed stability (RT/Ref): 24hr. Rate of administration: IVPB: 60 min.,"Special conditions: -Use with caution in G6PD deficiency -Patients must be adequately hydrated -Protect from light | Monitoring: CBC KFT RFT | Y-site compatibility: combatability: aztreonam, calcium gluconate…etc","Adult Parenteral Dilution Manual, Jazan Specialist Hospital",JSH 2026,p.13
clindamycin,mg,no,IV inf,Initial strength: 150mg/ ml. Diluents: D5W NS. Final concentration (IVP/IVPB): NA IVP / 6mg/ ml IVPB. Standard preparation: 300mg/ 50ml D5W 300mg/ 50ml NS. Maximum concentration: 18mg/ ml. Preparation at maximum concentration: 900mg/ 50ml D5W 900mg/ 50ml NS. Vial stability (RT/Ref): Use fresh RT / NA Ref. Premixed stability (RT/Ref): 16 days RT / 32 days Ref. Rate of administration: IVP: NA IVP / IVPB: 30-60 min IVPB.,"Special conditions: Can be given IM | Monitoring: CBC KFT RFT | Y-site compatibility: Compatibility Aciclovir, aztreonam, …etc","Adult Parenteral Dilution Manual, Jazan Specialist Hospital",JSH 2026,p.13
clonazepam,mg,no,IVP IV Inf,Initial strength: 1mg/ 1ml. Diluents: NS D5W. Final concentration (IVP/IVPB): 1mg/2ml / 3mg/250ml. Standard preparation: 10mg/850ml. Maximum concentration: 1mg/85ml. Preparation at maximum concentration: 10mg/850ml. Vial stability (RT/Ref): Use fresh. Premixed stability (RT/Ref): 24hr. Rate of administration: IVP: 0.5ml /min / IVPB: 8hr.,Special conditions: Can be given IM | Monitoring: ECG RR BP | Y-site compatibility: Compatibility No information,"Adult Parenteral Dilution Manual, Jazan Specialist Hospital",JSH 2026,p.14
cloxacillin,mg,no,IVP IV inf,Initial strength: 100mg/ ml. Diluents: D5W NS. Reconstitution volume: 2.5ml SWFI of 250mg 4.8ml SWFI of 500mg. Final concentration (IVP/IVPB): 50mg/ ml / 20mg/ ml. Standard preparation: 1g/ 50ml D5W 1g/ 50ml NS. Maximum concentration: 20mg/ ml. Preparation at maximum concentration: 1g/ 50ml D5W 1g/ 50ml NS. Vial stability (RT/Ref): 24hr / 48hr. Premixed stability (RT/Ref): 24hr NS 8hr D5W / 24hr NS 8hr D5W. Rate of administration: IVP: 3-5 min / IVPB: 30 min.,Special conditions: IM not recommended | Monitoring: Hypersen sitivity GI effects | Y-site compatibility: Compatibility : Compatibility Hydromorphon,"Adult Parenteral Dilution Manual, Jazan Specialist Hospital",JSH 2026,p.14
colistimethate sodium,mg,no,IV IV inf,Initial strength: 200000u/ ml 75mg/ ml. Diluents: NS D5W. Reconstitution volume: 10ml SWFI. Final concentration (IVP/IVPB): 200000U/ml IVP / 3.2 mg/ml IVPB. Standard preparation: In 50 ml. Maximum concentration: 16 mg/ml. Preparation at maximum concentration: 16 mg/ml. Vial stability (RT/Ref): 8 hr RT / 24hr Ref. Premixed stability (RT/Ref): Use fresh RT / 24 hrs Ref. Rate of administration: IVP: 5 min IVP / IVPB: 30 min – 60 min IVPB.,"Special conditions: IV push (in patients with a totally implantable venous access device [TIVAD] only dilute 1 M units in 5 ml SW For continuous IV administration: Inject one-half the total daily Dose over 3 min, the remainder of the total daily dose should be added to a compatible IV fluid and administered over the next 22 - 23 hrs starting 1 - 2 hrs after the initial dose. - 1million = 80 mg | Monitoring: Scr BUN Urine output Signs of neurotoxi city","Adult Parenteral Dilution Manual, Jazan Specialist Hospital",JSH 2026,p.14
cyclosporine,mg,no,IV inf,Initial strength: 250mg/5ml. Diluents: NS D5W. Reconstitution volume: 50mg/ml. Final concentration (IVP/IVPB): 5000mg/ml. Standard preparation: 50mg/100ml. Maximum concentration: 1000mg/ ml. Preparation at maximum concentration: 50mg/20ml. Premixed stability (RT/Ref): 6hr PVC 24hr in glass. Rate of administration: IVPB: 2-6hr.,"Special conditions: Use glass bottle Prepare in chemo room | Monitoring: Bp Scr Blood level | Y-site compatibility: Compatibility: Propofol, caspofungin meropenem…etc","Adult Parenteral Dilution Manual, Jazan Specialist Hospital",JSH 2026,p.15
dantrolene,mg,no,IV inf,Initial strength: 0.33mg/ ml. Diluents: SWFI. Reconstitution volume: 60 ml. Final concentration (IVP/IVPB): 0.33mg/ ml. Standard preparation: 20mg/ 60ml SWFI. Maximum concentration: 0.33mg/ ml. Preparation at maximum concentration: 20mg/ 60ml SWFI. Vial stability (RT/Ref): Use fresh. Premixed stability (RT/Ref): 6hrs. Rate of administration: IVPB: 60 mint.,Special conditions: Do not mix with other solutions IM not recommended | Monitoring: LFT Body weight | Y-site compatibility: No information,"Adult Parenteral Dilution Manual, Jazan Specialist Hospital",JSH 2026,p.15
dexamethasone sodium phosphate,mg,no,IVP IV inf,Initial strength: 4mg/ml. Diluents: NS D5W. Final concentration (IVP/IVPB): 4mg/ml (undilut ed) / >8mg/50ml. Standard preparation: >8mg/50ml D5W >8mg/50ml NS. Maximum concentration: 4mg/ml. Premixed stability (RT/Ref): 24 hrs / 2 days. Rate of administration: IVP: 3 mint / IVPB: 30 mint.,"Special conditions: -protect from light -IM administer small doses without further dilution -Dexamethasone Acetate injection not for IV use | Monitoring: Hemoglob in -Serum K -Serum glucose | Y-site compatibility: Aciclovir, amikacin, aztreonam, cisatracurium …etc","Adult Parenteral Dilution Manual, Jazan Specialist Hospital",JSH 2026,p.15
diazepam,mg,no,IVP,Strength (name column): 10mg/2ml. Initial strength: 5mg/ml. Diluents: NS D5W. Final concentration (IVP/IVPB): 5mg/ml Undiluted IVP / NA IVPB. Vial stability (RT/Ref): NA RT / NA Ref. Premixed stability (RT/Ref): NA RT / NA Ref. Rate of administration: IVP: 5mg/ mint IVP / IVPB: NA IVPB.,Special conditions: -Dilution not recommended due to precipitation risk -IV slowly to avoid venous thrombosis and phlebitis - Diazepam emulsion is the preferred preparation for IV inf because it forms more stable preparation and is also less irritant to veins - PVC containers and giving sets should not be used – more than 50% of the dose may be adsorbed. Glass or polyethylene should be used in preference -Protect from light | Monitoring: Cardiovas cular and mental statues Respirato ry function -LFT | Y-site compatibility: No information,"Adult Parenteral Dilution Manual, Jazan Specialist Hospital",JSH 2026,p.15
diazoxide,mg,no,IVP,Strength (name column): 300mg/20ml. Initial strength: 15mg/ ml. Final concentration (IVP/IVPB): 15mg/ml undiluted. Rate of administration: IVP: 30 secon ds.,"Special conditions: - slow administration reduces the antihypertensive response, Use a cannula for administration, taking care to avoid extravasation - Patients should remain supine at least 1 hour after IV dosing and also during administration. -protect from light | Monitoring: Blood pressure -Serum uric acid -KFT -CBC with differenti al AST -Urine glucose and ketones | Y-site compatibility: No information","Adult Parenteral Dilution Manual, Jazan Specialist Hospital",JSH 2026,p.16
diphenhydramine,mg,no,IVP IV inf,Strength (name column): 50mg/ml. Initial strength: 50mg/ ml. Diluents: D5W NS. Final concentration (IVP/IVPB): Undiluted / 1mg/ ml. Standard preparation: 50mg/ 50ml D5W 50mg/ 50ml NS. Maximum concentration: 2mg/ ml. Preparation at maximum concentration: 100mg/ 50ml D5W 100mg/ 50ml NS. Vial stability (RT/Ref): Use fresh. Premixed stability (RT/Ref): 24 hrs. Rate of administration: IVP: 3-5 min / IVPB: 25 mg/min.,"Special conditions: -Can be given IM -Protect from light | Monitoring: CNS depressio n Drowsines s | Y-site compatibility: Abciximab, Acyclovir Na, Azithromycin, Aztreonam…etc","Adult Parenteral Dilution Manual, Jazan Specialist Hospital",JSH 2026,p.16
dipyridamole,mg,no,IV inf,Strength (name column): 10mg/2ml. Initial strength: 5mg/ml. Diluents: D5W NS. Final concentration (IVP/IVPB): NA IVP / 1mg/ml IVPB. Standard preparation: 20mg/20ml NS 20mg/20ml D5W. Maximum concentration: 2.5mg/ml. Preparation at maximum concentration: 50mg/20ml NS 50mg/20ml D5W. Vial stability (RT/Ref): NA RT / NA Ref. Premixed stability (RT/Ref): NA RT / NA Ref. Rate of administration: IVP: NA IVP / IVPB: 0.142mg/ kg/mint for 4 mint IVPB.,Special conditions: -protect from light -Standard dose: 567 micrograms/kg by IV infusion over 4 minutes (at approx 142 micrograms/kg/mi nute). Thallium- 201 should be injected within 3– 5 minutes following the 4- minute infusion. -Aminophylline should be available for emergent use dose of 50-100 mg IVP over30-60 second | Monitoring: -Heart rate -Blood pressure -ECG | Y-site compatibility: No information,"Adult Parenteral Dilution Manual, Jazan Specialist Hospital",JSH 2026,p.16
disodium pamidronate,mg,no,IV inf,Strength (name column): 15mg/5ml. Initial strength: 3mg/ml. Diluents: D5W NS. Reconstitution volume: 5ml SWFI. Final concentration (IVP/IVPB): 0.3mg/ml. Standard preparation: 30mg/100ml NS 30mg/100ml D5W. Maximum concentration: 0.36mg/ ml. Preparation at maximum concentration: 90mg/250ml NS 90mg/250ml D5W. Vial stability (RT/Ref): Use immedia tely. Premixed stability (RT/Ref): Use immedi ately / 24 hrs. Rate of administration: IVPB: 60 mg/hour (1mg/min) In impaired renal function maximum rate 20 mg/hour..,"Special conditions: -The patient must be adequately hydrated using NaCl 0.9% before dosing for ↑Ca. Infusion into a relatively large vein minimizes patient discomfort - should be infused slowly to avoid renal impairment | Monitoring: -Serum Ca, electrolyte -CBC -Serum creatinine | Y-site compatibility: No information","Adult Parenteral Dilution Manual, Jazan Specialist Hospital",JSH 2026,p.17
erythromyci n,mg,no,IV inf,Strength (name column): 500mg 1gm. Initial strength: 50mg/ ml. Diluents: NS. Reconstitution volume: 10ml SWFI for 500 mg dose 20ml SWFI for 1g dose. Final concentration (IVP/IVPB): NO / 1mg/ ml. Standard preparation: 500mg/ 500ml NS. Maximum concentration: 5mg/ ml. Preparation at maximum concentration: Premixed: 500mg/ 100ml NS. Vial stability (RT/Ref): 24 hrs / 14 days. Premixed stability (RT/Ref): 8 hrs / 24 hrs. Rate of administration: IVP: No / IVPB: 60 min.,"Special conditions: IM not recommended Do not use NS for reconstitution may precipitate | Monitoring: CBC LFT Vital signs | Y-site compatibility: Aciclovir, aminophylline, ampicillin, benzylpenicillin, esmolol, hydrocortisone sodium succinate, labetalol…etc","Adult Parenteral Dilution Manual, Jazan Specialist Hospital",JSH 2026,p.17
etomidate,mg,no,IV inf IVP,Strength (name column): 2mg/ml. Initial strength: 2mg/ml. Final concentration (IVP/IVPB): 2mg/ml / 2mg/ml. Maximum concentration: 2mg/ml. Vial stability (RT/Ref): Use fresh. Rate of administration: IVP: 30–60 secon ds / IVPB: 10- 20 mcg/kg/min t.,"Special conditions: -infusion may lead to adrenal suppression | Monitoring: Heart rate -blood pressure | Y-site compatibility: Atropine sulfate, atracurium besylate, fentanyl citrate, lidocaine HCL, lorazepam…etc","Adult Parenteral Dilution Manual, Jazan Specialist Hospital",JSH 2026,p.17
factor ix,mg,no,Depen d on produc t,Initial strength: 500iu/ vial. Diluents: SWFI. Reconstitution volume: 10 ml. Final concentration (IVP/IVPB): Depend on product IVP / Depend on product IVPB. Standard preparation: Depend on product. Maximum concentration: Depend on product. Preparation at maximum concentration: Depend on product. Vial stability (RT/Ref): Depend on product RT / 3hr depe nd on prod uct Ref. Premixed stability (RT/Ref): Depend on product RT / Depe nd on prod uct Ref. Rate of administration: IVP: Depe nd on prod uct IVP / IVPB: Depend on product IVPB.,Special conditions: Depend on product | Monitoring: Level of factor VII and IX PT PTT | Y-site compatibility: No information,"Adult Parenteral Dilution Manual, Jazan Specialist Hospital",JSH 2026,p.17
filgrastim,mg,no,IV bolus SC IV inf,Initial strength: 300mcg/0. 5ml Intact containers should be refrigerate d at 2 to 8 °C and protected from direct sunlight. Diluents: Only D5W. Final concentration (IVP/IVPB): 12mg/50ml 6mg/100ml. Standard preparation: 600mg in 50- 100 ml of D5W. Maximum concentration: 15mg/ml Or mcg. Preparation at maximum concentration: 15mg/40ml. Premixed stability (RT/Ref): Unstabl e at RT / 24 hr. Rate of administration: IVP: 15-30 min / IVPB: IV inf intermitted 15-60 min IV inf continues over 24hr.,"Special conditions: -SC Undiluted -Scinf: add to a suitable volume of Gluc 5%, ensuring that the final concentration is 15 micrograms/mL or more -Stability is conc. dependent: if filgrastim concentration is <15 micrograms/mL then human serum albumin must be added to produce a final albumin conc. of 2 mg/mL | Monitoring: CBC | Y-site compatibility: Compatibility: Acyclovir sodium,, Allopurinol sodium, Amikacin sulfate, Aminophylline, Ampicillin sodium","Adult Parenteral Dilution Manual, Jazan Specialist Hospital",JSH 2026,p.18
flucloxacillin,mg,no,IV P IV inf IM,Initial strength: 250mg powder 250mg/100 ml premixed 500mg/ 100ml. Diluents: NS. Reconstitution volume: 5 mL WFI. Final concentration (IVP/IVPB): 50MG/ ML / 5mg/ml. Standard preparation: 20MG/ ML. Maximum concentration: 5000MG/ 100ML. Preparation at maximum concentration: 1000mg/50ml. Vial stability (RT/Ref): 30 min Use fresh / 24 hr. Premixed stability (RT/Ref): 24hr. Rate of administration: IVP: 3–4 minu tes / IVPB: 30-60 min.,Special conditions: Intrapleural injection IT | Monitoring: -LFT -RFT -FBC | Y-site compatibility: Compatibility,"Adult Parenteral Dilution Manual, Jazan Specialist Hospital",JSH 2026,p.18
fluconazole,mg,no,IV inf,Initial strength: 200mg/100 ml 400mg/200 ml Premixed. Diluents: D5W NA. Final concentration (IVP/IVPB): 2mg/ml. Standard preparation: 200mg/100ml 400mg/200ml. Maximum concentration: 2mg/ml. Preparation at maximum concentration: 200mg/100ml 400mg/200ml. Premixed stability (RT/Ref): 24 hr. Rate of administration: IVPB: 1 -2 hrs.,"Special conditions: 200 mg/100 mL over 10 minutes; 400 mg /200 mL over 20 minutes (600 mL/hr).In the USA, a maximum infusion rate of 100 mL/hour is recommended. | Monitoring: LFT, Renal function test | Y-site compatibility: Compatibility Acyclovir sodium, Allopurinol sodium, Amifostine, Amikacin sulfate ..etc","Adult Parenteral Dilution Manual, Jazan Specialist Hospital",JSH 2026,p.18
flumazenil,mg,no,IVP IV inf,Strength (name column): 0.5mg/5ml. Initial strength: 0.1mg/ml. Diluents: D5W NS. Final concentration (IVP/IVPB): 0.1mg/ml undiluted IVP / Continuous infusion IVPB. Maximum concentration: 0.1mg/ml undiluted. Vial stability (RT/Ref): 24hrs RT / NA Ref. Premixed stability (RT/Ref): 24hrs RT / NA Ref. Rate of administration: IVP: 15 secon ds (cons cious sedati on) to 30 (gene ral anest hesia) secon IVP ds) Not to excee d 0.2 mg/m in. / IVPB: 100-400 micrograms /hour continuous infusion IVPB.,"Special conditions: Max cumulative dose 3mg/hr -For additional doses,may repeat at 1min intervals (Max 4 doses) -avoid extravasations,avo id pain on inj by using large vein IM NOT RECOMMENDE D | Monitoring: blood pressure -Heart rate -Level of re- sedation and conscious ness","Adult Parenteral Dilution Manual, Jazan Specialist Hospital",JSH 2026,p.18
foscarnet,mg,no,IV inf,Strength (name column): 24mg/ml. Initial strength: 24mg/ml. Diluents: D5W NS. Final concentration (IVP/IVPB): 12mg/ml Peripheral line. Standard preparation: Premixed 250ml bottle. Maximum concentration: 12mg/ml Periphera l line 24mg/ml Central line. Preparation at maximum concentration: Premixed 250ml bottle. Vial stability (RT/Ref): 24 hrs. Premixed stability (RT/Ref): Use immedi ately / 24hrs. Rate of administration: IVPB: not to exceed 60 mg/kg over 1 hour or 120 mg/kg over 2 hours or 1mg/kg/min t -Use 0.22 micron in line filter.,"Special conditions: -Not for rapid injection -The 24 mg/mL solution may be given without dilution via a central vein -If a peripheral vein is used, the solution must be diluted to give a solution containing 12 mg/mL before administration -some centers piggyback 1 L NaCl 0.9% to run concurrently with the foscarnet dose | Monitoring: CBC Electrolyt e -KFT Ophthalm ic exam | Y-site compatibility: Amikacin, aminophylline, ampicillin, aztreonam, ceftazidime, …etc","Adult Parenteral Dilution Manual, Jazan Specialist Hospital",JSH 2026,p.19
glucagon,mg,no,IVP IV inf,Strength (name column): 1mg. Initial strength: 1mg/ml. Diluents: D5W. Reconstitution volume: 1ml SWFI. Final concentration (IVP/IVPB): 1mg/ml / 0.1mg/ml. Maximum concentration: 1mg/ml. Vial stability (RT/Ref): Use immedia tely / 2 days. Rate of administration: IVP: 1mg/ mint / IVPB: 1–5 mg/hour.,Special conditions: -1 unit=1mg -Gently roll vial to dissolve glucagon -Continuous infusion may be used in beta- blocker toxicity/over dose 5–10 mg by slow IV injection over 10 minutes (to reduce the likelihood of vomiting); followed by an IV infusion of 1–5 mg/hour (50 micrograms/kg/ho ur) titrated to clinical response - If the solution shows signs of fibril formation (↑viscosity) or insoluble matter it should be discarded | Monitoring: -Blood pressure -ECG -Blood glucose -Heart rate - Mentation | Y-site compatibility: No information,"Adult Parenteral Dilution Manual, Jazan Specialist Hospital",JSH 2026,p.20
glycopyrrolate bromide,mg,no,IVP IV inf,Strength (name column): 0.2mg/ml. Initial strength: 0.2mg/ml. Diluents: D5W NS. Final concentration (IVP/IVPB): 0.2mg/ml (undiluted) IVP / 2mcg/ml IVPB. Standard preparation: 0.2mg/100ml NS 0.2mg/100ml D5W. Maximum concentration: 2mcg/ml. Preparation at maximum concentration: 0.2mg/100ml NS 0.2mg/100ml D5W. Vial stability (RT/Ref): Use immedia tely RT / NA Ref. Premixed stability (RT/Ref): 24 hrs RT / NA Ref. Rate of administration: IVP: 60sec - 3mint IVP / IVPB: 15–20 minutes IVPB.,Special conditions: -IM administer undiluted -Glycopyrrolate may be mixed with neostigmine or pyridostigmine to minimize cardiac side effects 5–10 mcg/kg (0.2 mg of glycopyrrolate for every 1 mg of neostigmine or 5 mg of pyridostigmine | Monitoring: -Heart rate anticholin ergic effects -Bowel sounds,"Adult Parenteral Dilution Manual, Jazan Specialist Hospital",JSH 2026,p.20
granisetron,mg,no,IVP IV inf,Initial strength: 1mg/ ml. Diluents: D5W NS. Final concentration (IVP/IVPB): 0.2mg/ml dilute each 1 mg (1 mL) to 5 mL with NaCl 0.9% in the syringe / 0.02mg/ ml. Standard preparation: 1mg/ 50ml D5W 1mg/ 50ml NS. Maximum concentration: 0.2mg/ ml. Preparation at maximum concentration: 1mg/ 5ml D5W 1mg/ 5 ml NS. Vial stability (RT/Ref): 24 hrs. Premixed stability (RT/Ref): 24 hrs / 24 hrs. Rate of administration: IVP: 30 sec (undi luted) or over 2–5 minu tes / IVPB: 5 -30 mint.,"Special conditions: -Protect from light -40 mcg/kg is the usual maximum dose -Multidose vial stability 30 days | Monitoring: Clinical improvem ent | Y-site compatibility: amikacin, aminophylline, ampicillin, aztreonam, bumetanide, calcium gluconate, cefotaxime..etc","Adult Parenteral Dilution Manual, Jazan Specialist Hospital",JSH 2026,p.21
haloperidol,mg,no,IVP IV inf,Initial strength: 5mg/ ml. Diluents: D5W. Final concentration (IVP/IVPB): Undiluted / 1mg/ ml. Standard preparation: 50mg/ 50ml D5W. Maximum concentration: 1mg/ ml. Preparation at maximum concentration: 50mg/ 50ml D5W. Vial stability (RT/Ref): Use fresh. Premixed stability (RT/Ref): 7 day. Rate of administration: IVP: 3-5 min / IVPB: 30 min.,"Special conditions: -Can be given IM -Protect from light during storage | Monitoring: ECG Electrolyt es: Serum K, Ca, Mg LFTs KFT | Y-site compatibility: No information","Adult Parenteral Dilution Manual, Jazan Specialist Hospital",JSH 2026,p.21
hydralazine,mg,no,IVP Iv inf,Strength (name column): 20mg. Initial strength: 20mg/ ml. Diluents: NS. Reconstitution volume: 1 ml SWFI. Final concentration (IVP/IVPB): 20mg/ ml Withdraw the required dose and further dilute to 10 mL with NaCl 0.9% / 0.04mg/ ml. Standard preparation: 40mg/ 1000ml NS. Maximum concentration: 0.1mg/ ml. Preparation at maximum concentration: 40mg/ 200ml NS. Vial stability (RT/Ref): Use fresh. Premixed stability (RT/Ref): 24 hrs. Rate of administration: IVP: 2-3 mint (5 mg/m in) / IVPB: 0.05mg – 0.2mg/mint.,"Special conditions: No Special Conditions | Monitoring: BP Pulse KFT LFT | Y-site compatibility: Hydrocortisone sodium succinate, verapamil","Adult Parenteral Dilution Manual, Jazan Specialist Hospital",JSH 2026,p.21
hydrocortisone sodium succinate,mg,no,IVP IV inf,Strength (name column): 100mg 500mg. Initial strength: 100mg/ 2ml 500mg/ 4ml. Diluents: D5W NS. Reconstitution volume: 2 ml SWFI 4ml SWFI. Final concentration (IVP/IVPB): Undiluted / 1mg/ ml. Standard preparation: Premixed: 100mg/ 100ml D5W 100mg/ 100ml NS. Maximum concentration: 60mg/ ml. Preparation at maximum concentration: 3000mg/ 50ml D5W 3000mg/ 50 ml NS (4 hrs stability). Vial stability (RT/Ref): 72 hrs. Premixed stability (RT/Ref): 0.1 -1 mg/ ml 24 hrs 2-10 mg/ml 4 hrs / 24 hrs. Rate of administration: IVP: 1–10 minu tes 1 mint for doses < 200 mg 10 mint for doses ≥200 mg / IVPB: 30 min.,"Special conditions: Can be given IM | Monitoring: Serum K, Ca, Na | Y-site compatibility: Aciclovir, adrenaline (epinephrine), aminophylline, atracurium, aztreonam, benzylpenicillin..e tc","Adult Parenteral Dilution Manual, Jazan Specialist Hospital",JSH 2026,p.21
hyoscine butylbromide,mg,no,IVP IV inf,Strength (name column): 20mg. Initial strength: 20mg/ ml. Diluents: NS D5W. Final concentration (IVP/IVPB): Undiluted IVP / 0.4mg/ml IVPB. Standard preparation: Premixed: 20mg/50ml D5W 20mg/50ml NS. Maximum concentration: 0.4mg/ml. Preparation at maximum concentration: Premixed: 20mg/50ml D5W 20mg/50ml NS. Vial stability (RT/Ref): NA RT / NA Ref. Premixed stability (RT/Ref): 8 hrs RT / NA Ref. Rate of administration: IVP: 1 mg/m int IVP / IVPB: 30 mint IVPB.,Special conditions: Can be given IM undiluted | Monitoring: -IOP -HR -Urine output | Y-site compatibility: No information,"Adult Parenteral Dilution Manual, Jazan Specialist Hospital",JSH 2026,p.21
imipenem- cilastatin sodium,mg,no,IV inf,Initial strength: 50mg/ ml vial 500mg/100 ml premix. Diluents: NS D5W. Reconstitution volume: 10 ml SWFI. Final concentration (IVP/IVPB): 5mg/ ml. Standard preparation: 500mg/ 100ml NS or D5W. Maximum concentration: 5mg/ ml. Preparation at maximum concentration: 500mg/ 100ml NS or D5W. Vial stability (RT/Ref): Use fresh. Premixed stability (RT/Ref): 4 hrs / 24 hrs. Rate of administration: IVPB: (500mg- 30 min) (1g- 60 min).,"Special conditions: Can be given IM Suspension for IM administration should be reconstituted with 1% lidocaineHCl without epinephrine | Monitoring: CBC KFT RFT | Y-site compatibility: Compatibility Acyclovir, …etc","Adult Parenteral Dilution Manual, Jazan Specialist Hospital",JSH 2026,p.22
indomethacin,mg,no,IV inf IVP,Initial strength: 1mg/ml. Diluents: NS. Reconstitution volume: 1-2ml NS or SWFI (Preservative free). Final concentration (IVP/IVPB): 1mg/ml / 1mg/ml. Standard preparation: 1mg/ml. Maximum concentration: 1mg/ml. Preparation at maximum concentration: 1mg/ml. Vial stability (RT/Ref): 24 hrs. Premixed stability (RT/Ref): 24 hrs Do not dilute further Do not use dextros e. Rate of administration: IVP: 3-5 mint / IVPB: 20-60 mint.,Special conditions: -Avoid extravasations -IM not recommended -Protect from light | Monitoring: -KFT -LFT | Y-site compatibility: No information,"Adult Parenteral Dilution Manual, Jazan Specialist Hospital",JSH 2026,p.22
infliximab,mg,no,IVinf,"Initial strength: 10mg/ ml. Diluents: NS. Reconstitution volume: 10 ml SWFI. Final concentration (IVP/IVPB): 0.4mg/ml. Standard preparation: dose/250ml NS. Maximum concentration: 4mg/ml. Preparation at maximum concentration: dose/250ml NS. Vial stability (RT/Ref): 3hr / 24 hrs. Premixed stability (RT/Ref): 3 hrs / 24 hrs. Rate of administration: IVPB: 2 hr patients on maintenanc e therapy who have tolerated at least three prior 2- hour infusions, a shorter infusion time of a minimum of 1 hour may be considered.","Special conditions: IV infusion through a low- protein-binding filter (pore size 1.2 micron or less) over at least 2 hours | Monitoring: Vital sign Sign of infection, LFT","Adult Parenteral Dilution Manual, Jazan Specialist Hospital",JSH 2026,p.22
iron dextran,mg,no,IVP IV inf,Initial strength: 50mg/ ml. Diluents: NS. Final concentration (IVP/IVPB): 10mg/ ml / 0.4mg/ ml. Standard preparation: 100mg/ 250ml NS. Maximum concentration: 1mg/ ml. Preparation at maximum concentration: 100mg/ 100ml NS. Vial stability (RT/Ref): Use fresh. Premixed stability (RT/Ref): 24 hrs / 24 hrs. Rate of administration: IVP: 1 mL/ minu te / IVPB: 2-6 hrs.,Special conditions: -IV push not recommended - Initial test dose (prior to first dose only) | Monitoring: Body weight CBC KFT LFT | Y-site compatibility: No information,"Adult Parenteral Dilution Manual, Jazan Specialist Hospital",JSH 2026,p.22
iron saccharate,mg,no,IVP IV inf,Initial strength: 20mg/ ml. Diluents: NS. Final concentration (IVP/IVPB): Undiluted injection into the venous limb of a dialyser / 1mg/1ml. Standard preparation: Premixed 100mg/ 100ml NS. Maximum concentration: 1mg/1ml. Preparation at maximum concentration: Premixed 100mg/ 100ml NS. Vial stability (RT/Ref): Use fresh. Premixed stability (RT/Ref): 24 hrs / 24 hrs. Rate of administration: IVP: 1 mL/ minu te (i.e. 5 minu tes per ampo ule) / IVPB: Use volumetric infusion device as follows: give 100 mg over at least 15 minutes; give 200 mg over at least 30 minutes.,"Special conditions: Initial test dose (prior to first dose only) -Infusion: dilute 300mg/250ml NS infuse at least 1.5 hrs, 400mg/250ml infuse at least 2.5 hrs, 500mg/250ml infuse at least 3.5 hrs | Monitoring: Hemoglob in Hematocr it -Serum Ferritin Transferr in | Y-site compatibility: No information","Adult Parenteral Dilution Manual, Jazan Specialist Hospital",JSH 2026,p.22
isoproterenol,mg,no,IV inf IVP,Strength (name column): 200mcg/ml. Initial strength: 0.2mg/ ml. Diluents: D5W NS. Final concentration (IVP/IVPB): 0.2mg/ml prepared by IVP diluting 1 mL of the injection containing 0.2 mg/mL (1:5000) to a volume of 10 mL with 0.9% sodium chloride injection or 5% dextrose injection / 0.002mg/ ml IVPB. Standard preparation: 1mg/ 500ml D5W 1mg/ 500ml NS. Maximum concentration: 0.004mg/ ml. Preparation at maximum concentration: Premixed 2mg/ 500ml D5W 2mg/ 500ml NS. Vial stability (RT/Ref): Use fresh RT / NA Ref. Premixed stability (RT/Ref): 24 hrs RT / 24 hrs Ref. Rate of administration: IVP: Bolus IVP / IVPB: infusion IVPB.,"Special conditions: -Can be given IM And Subcutaneous -Protect from light and air | Monitoring: ECG Hemodyn amic -Heart rate Respirato ry rate -Arterial blood gas -Arterial blood pressure -CVP -Serum electrolyte -Serum glucose | Y-site compatibility: Na,famotidine, Bivalirudin,atracr ium …etc","Adult Parenteral Dilution Manual, Jazan Specialist Hospital",JSH 2026,p.22
kanamycin,mg,no,IV inf,Strength (name column): 1gm. Diluents: D5W NS. Final concentration (IVP/IVPB): 2.5mg/ml. Standard preparation: 500mg/ 200ml NS 500mg/ 200ml D5W 1g/400ml NS 1g/400ml D5W. Maximum concentration: 5mg/ml. Preparation at maximum concentration: 500mg/ 100ml NS 500mg/ 100ml D5W 1gm/ 200ml NS 1gm/200ml D5W. Vial stability (RT/Ref): Use fresh. Premixed stability (RT/Ref): 24 hrs. Rate of administration: IVPB: 30-60 mint.,Special conditions: Can be given IM -Dose should be depend in IBW | Monitoring: KFT -Every 2-3 days peak and trough concentra tion -Hearing | Y-site compatibility: No information,"Adult Parenteral Dilution Manual, Jazan Specialist Hospital",JSH 2026,p.23
l-carintine,mg,no,IVP IV inf,Strength (name column): 200mg/ml. Initial strength: 200mg/ml. Diluents: NS. Final concentration (IVP/IVPB): Undiluted / 0.5mg/ml. Standard preparation: 0.5mg/ml. Maximum concentration: 8mg/ml. Preparation at maximum concentration: 8mg/ml. Vial stability (RT/Ref): Use fresh. Premixed stability (RT/Ref): 24 hours in PVC plastic bags. Rate of administration: IVP: 2-3 mint / IVPB: 30 minutes (loading dose) or 10– 30 minutes (subsequent doses).,Special conditions: Intermittent intravenous infusion (unlicensed use for valproate toxicity) | Monitoring: Carnitine levels (acyl and free) in plasma and urine -Blood glucose - Symptom s of deficiency | Y-site compatibility: No information,"Adult Parenteral Dilution Manual, Jazan Specialist Hospital",JSH 2026,p.23
levofloxacin premixed,mg,no,IV inf,Strength (name column): 500mg/100ml. Initial strength: 5mg/ml. Diluents: NS D5W. Final concentration (IVP/IVPB): NA IVP / 5mg/ml IVPB. Standard preparation: Premixed 500mg/ 100ml. Maximum concentration: 5mg/ml. Preparation at maximum concentration: Premixed 500mg/100ml. Vial stability (RT/Ref): Use fresh RT / NA Ref. Premixed stability (RT/Ref): Use fresh RT / NA Ref. Rate of administration: IVP: NA IVP / IVPB: 30 minutes for 250 mg (at least 60 minutes for 500 mg) 750 mg over 90 mint IVPB.,"Special conditions: - Levofloxacin 250 mg = 255 mg levofloxacin hemihydrate (1) -Patients should be well hydrated and asked to drink fluids liberally to prevent crystalluria | Monitoring: -BP -KFT -LFT -Signs of tendon damage -Signs of CNS disorders - Symptom s of neuropath y -Blood glucose concentra tion-Signs of infection | Y-site compatibility: Adrenaline, amikacin, aminophylline, clindamycin, dexamethasone, dobutamine, dopamine..etc","Adult Parenteral Dilution Manual, Jazan Specialist Hospital",JSH 2026,p.23
levothyroxine,mg,no,IVP,Strength (name column): 200 mcg 500 mcg. Initial strength: 200mcg dose 40 Mcg/ml 500mcg dose 100mcg/ml. Diluents: NS. Reconstitution volume: 5ml NS. Final concentration (IVP/IVPB): 40–100 mcg/mL in NS. Vial stability (RT/Ref): Use fresh. Premixed stability (RT/Ref): Use fresh. Rate of administration: IVP: 2–3 minu tes.,"Special conditions: -Large, sudden doses of IV levothyroxine may have cardiovascular risks -Protect from light | Monitoring: -T4 -TSH -Blood pressure -Heart rate | Y-site compatibility: No information","Adult Parenteral Dilution Manual, Jazan Specialist Hospital",JSH 2026,p.24
linezolid premixed,mg,no,IV inf,Strength (name column): 600mg/300ml bag. Initial strength: 2mg/ml. Diluents: NS D5W. Final concentration (IVP/IVPB): 2mg/ml. Standard preparation: Premixed 600mg/300ml D5W. Maximum concentration: 2mg/ml. Preparation at maximum concentration: Premixed 600mg/300ml D5W. Premixed stability (RT/Ref): Use fresh. Rate of administration: IVPB: 30–120 minutes.,"Special conditions: Check for minute leaks by squeezing the bag firmly if the bag leaks, do not use -Spike the bag using the blue- coloured port only (the white port should not be used) -Protect from light and freezing -Keep bags in foli laminate overwrap until used -The solution is a yellow color that can intensify with no affect on potency | Monitoring: FBC (including haemoglo bin, platelets, total and differenti ated leucocyte counts) -Signs of metabolic acidosis -Signs of supra- infection or superinfec tion impairme nt - U&Es -LFT | Y-site compatibility: Aciclovir, alfentanil, amikacin, aminophylline, aztreonam, calcium gluconate…etc","Adult Parenteral Dilution Manual, Jazan Specialist Hospital",JSH 2026,p.24
lorazepam,mg,no,IVP IV inf,Strength (name column): 4mg/ml 2mg/ml. Initial strength: 4mg/ml 2mg/ml. Diluents: D5W NS. Final concentration (IVP/IVPB): Dilute 1:1 IVP / 0.04mg/ ml IVPB. Standard preparation: 2mg/50ml NS 2mg/50 D5W. Maximum concentration: 0.08mg/ ml. Preparation at maximum concentration: Premixed 4mg/50ml NS 4mg/50ml D5W. Vial stability (RT/Ref): Discard After use RT / NA Ref. Premixed stability (RT/Ref): 24 hrs RT / NA Ref. Rate of administration: IVP: 2 mg/m in or 0.05 mg/k g IVP over 2–5 minu tes / IVPB: 0.2 mg/mL Continuous infusion IVPB.,"Special conditions: Intravenous injection (preferred route) -IV injection should be performed with extreme care to avoid inadvertent intra-arterial injection, which can cause arteriospasm possibly resulting in gangrene -Can be given IM -protect from light | Monitoring: Respirato ry and cardiovas cular status -Signs of propylene glycol toxicity for continuou s infusion or prolonged use -KFT -BP -HR -Symptom of anxiety | Y-site compatibility: Aciclovir, adrenaline, amikacin, atracurium, bumetanide, cefotaxime..etc","Adult Parenteral Dilution Manual, Jazan Specialist Hospital",JSH 2026,p.24
mannitol,mg,no,IV inf,"Strength (name column): 20%(20g/100ml) in 250 ml bottle. Initial strength: 100mg/ ml 200mg/ ml. Diluents: D5W. Final concentration (IVP/IVPB): Test dose (to assess adequate renal function) for oliguria 0.2 g/kg / 100mg/ ml. Standard preparation: 50g/ 500ml D5W. Maximum concentration: 200mg/ ml. Preparation at maximum concentration: 100g/ 500ml D5W. Vial stability (RT/Ref): 24 hrs. Premixed stability (RT/Ref): 24 hrs. Rate of administration: IVP: 3-5 mint / IVPB: 30–60 minutes using a giving set with an in- line filter for cerebral edema, elevated ICP, or preoperativ e in neurosurge ry.","Special conditions: Do not Refrigerate -Infusion via a central venous catheter is preferable because of the risk of damage to veins -Do not use solution that contain crystals, heating in hot water bath and vigorous shaking may be utilized for resolubilization. cool solution to body temperature before use -from age 1–73 were given a continuous infusion over 6– 100 hours (total dose 2–20 g/kg) | Monitoring: Respirato ry function Cardiovas cular status -serum electrolyte s and urine output -KFT Observati on of infusion site | Y-site compatibility: Aztreonam, cisatracurium, linezolid, ondansetron, piperacillin with tazobactam, remifentanil","Adult Parenteral Dilution Manual, Jazan Specialist Hospital",JSH 2026,p.25
meropenem,mg,no,IVP IV inf,Strength (name column): 500mg. Initial strength: 50mg/ ml. Diluents: D5W NS. Reconstitution volume: 10 ml SWFI. Final concentration (IVP/IVPB): 50mg/ ml IVP / 10mg/ ml IVPB. Standard preparation: 1g/ 100ml D5W Premixed 1g/ 100ml NS. Maximum concentration: 10mg/ ml. Preparation at maximum concentration: 1g/ 100ml D5W Premixed 1g/ 100ml NS. Vial stability (RT/Ref): immedia tely within 2 hour RT / 12 hrs Ref. Premixed stability (RT/Ref): Immedi ately with NS 4hrs D5W 1hrs RT / NS 24hrs D5W 4hrs Ref. Rate of administration: IVP: 5 mint IVP / IVPB: 15-30 mint IVPB.,"Special conditions: -IM administration has been used in the treatment of urinary tract infections and pneumonia in adults - Meropenem has been administered as a 3-hour infusion for the treatment of CNS infections -Laboratory interference: Positive direct and indirect Coombs' tests have been reported | Monitoring: -CBC -KFT -LFT -Signs of anaphylax is | Y-site compatibility: Aminophylline, dexamethasone, fluconazole, furosemide, gentamicin, metoclopramide, …etc","Adult Parenteral Dilution Manual, Jazan Specialist Hospital",JSH 2026,p.25
methylprednisoln e sodium succinate,mg,no,IVP IV inf,Strength (name column): 40mg 500mg. Initial strength: 40 mg dose 40mg/ ml 500mg dose 62.5mg/ml. Diluents: D5W NS. Reconstitution volume: 40mg dose 1ml of supplied diluents 500mg dose 8ml bacteriostatic SWFI. Final concentration (IVP/IVPB): 125mg/ml IVP / 2 mg/ ml Or in 50-250 ml IVPB. Standard preparation: 100mg/ 50ml D5W 1500mg/ 50ml NS. Maximum concentration: 5mg/ ml. Preparation at maximum concentration: 500mg/ 100ml D5W 500mg/ 100ml NS. Vial stability (RT/Ref): 48 hrs RT / NA Ref. Premixed stability (RT/Ref): 48 hrs RT / 48 hrs Ref. Rate of administration: IVP: 3-5 mint IVP / IVPB: Dose ≥2mg/kg or 250 mg/dose o ver 15-30 mint Dose 15 mg/kg or ≥ 500 mg/dose Over ≥ 30 mint Dose >15 mg/kg or ≤1g over 1 hrs IVPB.,"Special conditions: - Methylprednisoln e Acetate for deep IM only -Dose should be base on the lesser or ideal body weight or actual body weight -Rapid IV administration of large doses is associated with cardiovascular collapse - Methylprednisoln e Sodium succinate Can be given IM -Protect from light -Avoid IM injection of Methylprednisoln e acetate into the deltoid muscle due to high incidence of subcutaneous atrophy -Can be given by continuous infusion -don’t give iv push if the dos >250 mg - loading dose in 100 ml fluid | Monitoring: -Blood pressure -blood glucose Electrolyt es | Y-site compatibility: Aciclovir, , ceftazidime, dopamine, linezolid, metronidazole ..etc","Adult Parenteral Dilution Manual, Jazan Specialist Hospital",JSH 2026,p.26
metoclopramide,mg,no,IVP IV inf,Strength (name column): 10mg/2ml. Initial strength: 5mg/ ml. Diluents: D5W NS. Final concentration (IVP/IVPB): Undiluted Doses ≤ 10mg / 0.2mg/ ml. Standard preparation: 10mg/ 50ml D5W 10mg/ 50ml NS. Maximum concentration: 0.4mg/ml. Preparation at maximum concentration: 20mg/50ml D5W 20mg/50ml NS. Vial stability (RT/Ref): Use fresh. Premixed stability (RT/Ref): 24 hrs. Rate of administration: IVP: 2 min / IVPB: ≥15 minutes.,"Special conditions: -May be given IM -degradation is indicated by yellow discoloration discard if present -Therapy with metoclopramide should not continue beyond 12 weeks, unless benefits of continued therapy clearly outweigh the risk of tardive dyskinesia -Protect from light during storage -Can be given by continuous infusion (Withdraw the required dose and add to 500 mL of infusion fluid) infusion over 8–12 hours | Monitoring: -Blood pressure -Irregular pulse -Altered conscious ness | Y-site compatibility: Aciclovir, aztreonam, ciprofloxacin, cisatracurium, fentanyl, fluconazole, foscarnet…etc","Adult Parenteral Dilution Manual, Jazan Specialist Hospital",JSH 2026,p.27
metronidazole,mg,no,IV inf,Strength (name column): 500mg/100ml. Initial strength: 5mg/ml. Final concentration (IVP/IVPB): 5mg/ ml. Standard preparation: Premixed 500mg/ 100ml. Maximum concentration: 5mg/ ml. Preparation at maximum concentration: Premixed 500mg/ 100ml. Premixed stability (RT/Ref): Use fresh. Rate of administration: IVPB: 30-60 min.,"Special conditions: -Protect from light -US boxed warning: Known to be carcinogenic in mice and rats -Do not remove unit from overwrap until ready for use | Monitoring: LFT - Symptom s of periphera l neuropath y or transient seizures -Signs of supra- infection or superinfec tion -FBC | Y-site compatibility: Aciclovir, (in the samebag), cefuroxime, etc","Adult Parenteral Dilution Manual, Jazan Specialist Hospital",JSH 2026,p.27
micafungin sodium,mg,no,IV inf,Strength (name column): 50mg. Initial strength: 10mg/ ml. Diluents: NS D5W. Reconstitution volume: Reconstitute with 5 mL NS or D5W injected the fluid slowly against the side of the inner wall of the vial to minimize foaming. Final concentration (IVP/IVPB): NA IVP / 0.5mg/ml IVPB. Standard preparation: 50mg/100ml NS 50mg/100ml D5W Gently invert orswirl to disperse the diluted solution but do not agitate in order to avoid foaming. Maximum concentration: 1.5mg/ml. Preparation at maximum concentration: 150mg/100ml NS 150mg/100ml D5W. Vial stability (RT/Ref): 24 hrs RT / NA Ref. Premixed stability (RT/Ref): 24 hrs RT / NA Ref. Rate of administration: IVP: NA IVP / IVPB: 60 mint IVPB.,"Special conditions: -Protect from light -Flush line with NS prior administration -Do not use diluents containing a bacteriostatic agent for reconstitution -Phlebitis and thrombophlebitis occur more frequently with administration via a peripheral line -Rapid infusions may result in histamine mediated reactions | Monitoring: -U&Es - FBC -LFT - Candida blood cultures | Y-site compatibility: Aminophylline, bumetanide, calcium gluconate, dopamine, furosemide, glyceryl trinitrate…etc","Adult Parenteral Dilution Manual, Jazan Specialist Hospital",JSH 2026,p.27
moxifloxacin,mg,no,IV inf,Initial strength: 1.6mg/ ml. Diluents: 0.8% saline. Final concentration (IVP/IVPB): 1.6mg/ ml. Standard preparation: 400mg/ 250ml. Maximum concentration: 1.6mg/ ml. Preparation at maximum concentration: 400mg/ 250ml. Premixed stability (RT/Ref): Use fresh. Rate of administration: IVPB: 60 min.,Special conditions: Do not Refrigerate | Monitoring: Pulse Serum K LFT,"Adult Parenteral Dilution Manual, Jazan Specialist Hospital",JSH 2026,p.28
naloxone,mg,no,IVP IV inf,Initial strength: 0.4mg/ ml. Diluents: D5W NS. Final concentration (IVP/IVPB): Undiluted / 0.004mg/ ml. Standard preparation: 2mg/ 500ml D5W 2mg/ 500ml NS. Maximum concentration: 0.016mg/ ml. Preparation at maximum concentration: 4mg/ 250ml D5W 4mg/ 250ml NS. Premixed stability (RT/Ref): Use fresh / 24 hrs. Rate of administration: IVP: 1 min / IVPB: infusion.,Special conditions: Can be given IM | Monitoring: Body weight Pulse RR BP,"Adult Parenteral Dilution Manual, Jazan Specialist Hospital",JSH 2026,p.28
nitroglycerin,mg,no,IV inf,Initial strength: 5mg/ ml. Diluents: D5W. Final concentration (IVP/IVPB): 0.2mg/ ml. Standard preparation: 50mg/ 250ml D5W. Maximum concentration: 0.4mg/ ml. Preparation at maximum concentration: 100mg/ 250ml D5W. Premixed stability (RT/Ref): 48 hrs / 7 days. Rate of administration: IVPB: infusion.,Special conditions: Use glass and non- PVC bottle only | Monitoring: Cardiac monitorin g hemodyna mics,"Adult Parenteral Dilution Manual, Jazan Specialist Hospital",JSH 2026,p.28
octerotide,mg,no,IVP IV inf,Initial strength: 0.5mg/ ml. Diluents: D5W NS. Final concentration (IVP/IVPB): 0.5mg/ ml / 0.005mg/ ml. Standard preparation: 0.5mg/ 100ml D5W 0.5mg/ 100ml NS. Maximum concentration: 0.005mg/ ml. Preparation at maximum concentration: 0.5mg/ 100ml D5W 0.5mg/ 100ml NS. Premixed stability (RT/Ref): 24 hrs / 24 hrs. Rate of administration: IVP: 3-5 min / IVPB: 30 min.,Special conditions: Refrigerate Can be given Subcutaneous | Monitoring: Blood Glucose LFT,"Adult Parenteral Dilution Manual, Jazan Specialist Hospital",JSH 2026,p.28
ondansetron,mg,no,IVP IV inf,Initial strength: 2mg/ ml. Diluents: D5W NS. Final concentration (IVP/IVPB): Undiluted / 0.08mg/ ml. Standard preparation: 4mg/ 50ml D5W 4mg/ 50ml NS. Maximum concentration: 0.64mg/ ml. Preparation at maximum concentration: 32mg/ 50ml D5W 32mg/ 50ml NS (premixed). Vial stability (RT/Ref): Use fresh. Premixed stability (RT/Ref): 24 hrs / 24 hrs. Rate of administration: IVP: 2-3 min / IVPB: 15 min.,Special conditions: IM not recommended | Monitoring: LFT,"Adult Parenteral Dilution Manual, Jazan Specialist Hospital",JSH 2026,p.28
penicillin g sodium,mg,no,IV inf,Initial strength: 200000U/ ml. Diluents: D5W NS. Reconstitution volume: 4.6 ml SWFI. Final concentration (IVP/IVPB): 20000U/ ml. Standard preparation: 1MU/ 50ml D5W 1MU/ 50ml NS. Maximum concentration: 80000U/ ml. Preparation at maximum concentration: 4MU/ 50ml D5W 4MU/ 50ml NS. Vial stability (RT/Ref): Use fresh / 3 days. Premixed stability (RT/Ref): 24 hrs / 7 days. Rate of administration: IVPB: 30 min.,Special conditions: Refrigerate | Monitoring: Hypersen sitivity,"Adult Parenteral Dilution Manual, Jazan Specialist Hospital",JSH 2026,p.28
phytomenadione,mg,no,IVP IV inf,Initial strength: 2mg/ ml 10mg/ ml. Diluents: D5W NS. Final concentration (IVP/IVPB): 0.4mg/ ml Or in 50 ml. Standard preparation: 20mg/ 50ml D5W 20mg/ 50ml NS. Maximum concentration: Dilute the dose at least in 10 ml. Vial stability (RT/Ref): Use fresh. Premixed stability (RT/Ref): Use fresh. Rate of administration: IVP: 3-5 min / IVPB: 30 min.,Special conditions: Protect from light Can be given IM | Monitoring: LFT PT INR,"Adult Parenteral Dilution Manual, Jazan Specialist Hospital",JSH 2026,p.28
piperacillin/ tazobactam,mg,no,IVP IV inf,Initial strength: 225mg/ ml. Diluents: D5W NS. Reconstitution volume: 10 ml SWFI 20 ml SWFI. Final concentration (IVP/IVPB): NO / 45mg/ ml. Standard preparation: 4.5g/ 100ml D5W 4.5g/ 100ml NS. Maximum concentration: 90 mg/ ml. Preparation at maximum concentration: 4.5g/ 50ml D5W 4.5g/ 50ml NS. Vial stability (RT/Ref): Use fresh / 24 hrs. Premixed stability (RT/Ref): 24 hrs / 7 days. Rate of administration: IVPB: 30 min.,Special conditions: Refrigerate Do not give IM | Monitoring: CBC KFT LFT Serum K,"Adult Parenteral Dilution Manual, Jazan Specialist Hospital",JSH 2026,p.28
protamine sulfate,mg,no,IVP IV inf,Initial strength: 10mg/ ml. Diluents: D5W NS. Reconstitution volume: 5ml SWFI. Final concentration (IVP/IVPB): Undiluted IVP / 1mg/ ml IVPB. Standard preparation: 50mg/ 50ml D5W 50mg/ 50ml NS. Maximum concentration: 2mg/ ml. Preparation at maximum concentration: 50mg/ 25ml D5W 50mg/ 25ml NS. Vial stability (RT/Ref): Use fresh RT / NA Ref. Premixed stability (RT/Ref): Use fresh RT / NA Ref. Rate of administration: IVP: 1-3 min IVP / IVPB: 20 min IVPB.,Special conditions: Maximum 50mg in any 10 minute period | Monitoring: aPTT,"Adult Parenteral Dilution Manual, Jazan Specialist Hospital",JSH 2026,p.28
ranitine,mg,no,IVP IV inf,Initial strength: 25mg/ ml. Diluents: D5W NS. Final concentration (IVP/IVPB): 2.5mg/ ml (50 mg/20 ml ) / 1mg/ ml. Standard preparation: 50mg/ 50ml D5W 50mg/ 50ml NS. Maximum concentration: 1mg/ ml. Preparation at maximum concentration: 50mg/ 50ml D5W 50mg/ 50ml NS. Vial stability (RT/Ref): Use fresh. Premixed stability (RT/Ref): Use fresh / 24 hrs. Rate of administration: IVP: 2-5 min / IVPB: 30 min.,Special conditions: Can be given IM | Monitoring: Body weight KFT,"Adult Parenteral Dilution Manual, Jazan Specialist Hospital",JSH 2026,p.29
rifampicin,mg,no,IV inf,Initial strength: 60mg/ ml. Diluents: NS. Reconstitution volume: 10 ml SWFI. Final concentration (IVP/IVPB): 1.2mg/ ml. Standard preparation: 600mg/ 500ml NS. Maximum concentration: 6mg/ ml. Preparation at maximum concentration: 600mg/ 100ml NS. Vial stability (RT/Ref): 6 hrs. Premixed stability (RT/Ref): Use fresh. Rate of administration: IVPB: 30 min to 3 hrs.,"Special conditions: Do not Refrigerate Do not give IM | Monitoring: CBC KFT LFT Serum K, Na","Adult Parenteral Dilution Manual, Jazan Specialist Hospital",JSH 2026,p.29
salbutamol,mg,no,IVP IV inf,Initial strength: 0.5mg/ ml 1mg/ ml. Diluents: D5W NS. Final concentration (IVP/IVPB): 50mcg/ ml / 10mcg/ ml. Standard preparation: 5mg/ 500ml D5W 5mg/ 500ml NS. Maximum concentration: 10mcg/ ml. Preparation at maximum concentration: 5 mg/ 500ml D5W 5 mg/ 500ml NS. Vial stability (RT/Ref): Use fresh. Premixed stability (RT/Ref): 24 hrs / 24 hrs. Rate of administration: IVP: 3-5 min / IVPB: Infusion.,Special conditions: Can be given IM Can be given Subcutaneous | Monitoring: Blood glucose BP Body weight Serum K,"Adult Parenteral Dilution Manual, Jazan Specialist Hospital",JSH 2026,p.29
trimethoprim+ sulfamethoxazole,mg,no,IV inf,Initial strength: SMX 80mg/ ml TMP 16mg/ ml. Diluents: D5W. Final concentration (IVP/IVPB): 0.64mg/ ml TMP. Standard preparation: 5ml/125ml D5W 10ml/250mlD5 W 15ml/500mlD5 W. Maximum concentration: 1.07mg/ ml. Preparation at maximum concentration: 5ml/ 75ml D5W. Premixed stability (RT/Ref): 5 mL conc. in 125 mL D5W is stable for 6 hr 5 mL conc. in 100 mL D5W is stable for 4 hr 5 mL conc. in 75 mL D5W is stable for 2 hr. Rate of administration: IVPB: 60-90 min.,"Special conditions: Do not Refrigerate Cannot be given IVP | Monitoring: CBC KFT RFT Serum K Serum Na | Y-site compatibility: Aciclovir, atracurium, aztreonam, esmolol, granisetron, labetalol…etc","Adult Parenteral Dilution Manual, Jazan Specialist Hospital",JSH 2026,p.29
vasopressin,mg,no,IVP IV inf,Initial strength: 20 U/ml (400mcg/m l). Diluents: D5W NS. Reconstitution volume: 10ml D5W. Final concentration (IVP/IVPB): 2U/ml IVP / 0.1U/ml IVPB. Standard preparation: 20U/200ml D5W or NS. Maximum concentration: 1U/ml. Preparation at maximum concentration: 20U/20ml D5W or NS. Vial stability (RT/Ref): Use fresh RT / NA Ref. Premixed stability (RT/Ref): NA RT / NA Ref. Rate of administration: IVP: 0.2- 1u/m i n IVP / IVPB: 15min IVPB.,"Special conditions: Can be given IM | Monitoring: Electrolyt e, vital sign, EKG, drowsines s | Y-site compatibility: Adrenaline (epinephrine), ciprofloxacin, fluconazole, gentamicin, imipenem with cilastatin, linezolid, meropenem, metronidazole","Adult Parenteral Dilution Manual, Jazan Specialist Hospital",JSH 2026,p.29
voriconazole,mg,no,IV inf,"Initial strength: 200mg powder. Diluents: D5W NS LR. Reconstitution volume: 19ml SWFI 10 mg/mL. Final concentration (IVP/IVPB): 0.5mg/ml. Standard preparation: 10mg/20ml D5W, LR, NS. Maximum concentration: 5mg/ml. Preparation at maximum concentration: 10mg/2ml D5W,LR, NS. Vial stability (RT/Ref): Use fresh. Premixed stability (RT/Ref): 24hr. Rate of administration: IVPB: 3 mg/kg/hour over 1–2 hours.","Special conditions: Discard the vial if the vacuum of the vial does not pull the diluent into the vial | Monitoring: Renal function LFT Electrolyt e Culture, sensitivity | Y-site compatibility: Compatibility: Anidulafungin , Caspofungin, Ceftaroline, Doripenem","Adult Parenteral Dilution Manual, Jazan Specialist Hospital",JSH 2026,p.30
zidovudine,mg,no,IV inf,Initial strength: 10mg /ml. Diluents: D5W. Final concentration (IVP/IVPB): NA IVP / 2mg/ml IVPB. Standard preparation: 200mg/ 100ml D5W. Maximum concentration: 4mg/ml. Preparation at maximum concentration: 200mg/50ml D5W. Vial stability (RT/Ref): NA RT / NA Ref. Premixed stability (RT/Ref): 8 hr RT / 24hr Ref. Rate of administration: IVP: NA IVP / IVPB: 60 min IVPB.,"Special conditions: IV bolus, IM and rapid IV infusion should be avoided | Monitoring: CBC Platelet LFT MCV, SERUM CREATI NIN KINASE, viral load, CD4 | Y-site compatibility: Compatibility: Acyclovir sodium, Allopurinol, Amikacin sulfate, Amphotericin Betc","Adult Parenteral Dilution Manual, Jazan Specialist Hospital",JSH 2026,p.30
abciximab,mg,no,IVP IV inf,Initial strength: 2mg / ml. Diluents: D5W NS. Reconstitution volume: 5 ml. Final concentration (IVP/IVPB): Undiluted / 40mcg/ml. Standard preparation: 10mg/ 250ml D5W 10mg/ 250ml NS 7.2 mg in 250 mL (concentration: 28.8 mcg/mL) or 9 mg in 250 mL (concentration: 36 mcg/mL) of D5W or NS. Maximum concentration: 40mcg/ml. Preparation at maximum concentration: 10mg/ 250ml D5W 10mg/ 250ml NS. Vial stability (RT/Ref): Discard after use. Premixed stability (RT/Ref): 12 hrs / 12 hrs. Rate of administration: IVP: 1 min / IVPB: 10mcg/ min for 12 hr.,"Special conditions: Use sterile, non-pyrogenic, low protein- binding 0.2-0.22 um filter Should be administered in a separate intravenous line, no other medication should be added to the infusion solution Do not shake the vial. | Monitoring: aPTT PT CBC Plt | Y-site compatibility: Adenosine, atropine sulfate, bivalirudin, fentanyl, metoprolol, midazolam","Adult Parenteral Dilution Manual, Jazan Specialist Hospital",JSH 2026,p.32
adenosine,mg,no,IVP,"Initial strength: 3mg/ml. Diluents: D5W NS. Final concentration (IVP/IVPB): undiluted. Rate of administration: IVP: 1-2 sec, but when using aden osine for stress testin g the rate will be for 6 mint.",Special conditions: follow bolus IV injection with rapid 20 ml NS flush -IM not recommended -physician required at beds | Monitoring: ECG HR BP | Y-site compatibility: combatability: Abciximab,"Adult Parenteral Dilution Manual, Jazan Specialist Hospital",JSH 2026,p.32
alteplase,mg,no,IVP IV ing,Strength (name column): 50 mg. Initial strength: 1 mg/ml. Diluents: NS. Reconstitution volume: SWFI 50 ml. Final concentration (IVP/IVPB): 1 mg/ml Concentratio n (0.1 mg/ml) 25mg/250ml 50 mg/ 500 ml Concentratio n (0.2 mg/ml) 50 mg/ 250ml IVP / 0.5 mg/ml 0.1mg/ml 0.2mg/ml IVPB. Standard preparation: 50 mg/100 ml NS. Maximum concentration: 1mg/ml. Preparation at maximum concentration: 50 mg/50ml SWFI. Vial stability (RT/Ref): 8 hrs RT / 8 hrs Ref. Premixed stability (RT/Ref): 8 hrs RT / 8 hrs Ref. Rate of administration: IVP: 1-2 mint IVP / IVPB: 30 mint - 3 hrs IVPB.,"Special conditions: -Alteplase is incompatible with Gluc solution -Gently swirl the vial (do not shake) to dissolve the drug -Use polyvinyl chloride (PVC) bags or glass vials | Monitoring: -ECG -Heart rate -Blood pressure -Bleeding assessmen t Fibrinoge n level Prothrom bin times | Y-site compatibility: Lidocaine, metoprolol","Adult Parenteral Dilution Manual, Jazan Specialist Hospital",JSH 2026,p.32
amphotericin b,mg,no,IV inf,Initial strength: 5mg/ ml. Diluents: D5W. Reconstitution volume: 10 ml SWFI Preservativ e free only. Final concentration (IVP/IVPB): 0.1mg/ ml. Standard preparation: Premixed: 50mg/ 500ml D5W 300 mg/ 240 ml 350 mg /280 ml 400 mg/ 320 ml. Maximum concentration: 0.25mg / ml Use central line. Preparation at maximum concentration: 50mg/ 200ml D5W. Vial stability (RT/Ref): 24 hrs / 7 days. Premixed stability (RT/Ref): 24 hrs / 2 days. Rate of administration: IVPB: 4-6 hrs.,"Special conditions: Protect from light IM is not recommended Do not filter Bolus infusion of NS immediately preceding and following amphotericin B may reduce drug induce nephrotoxicity It should be protected from freezing in-line filter that is ≥1 micron may be used. | Monitoring: CBC LFT Fever,chil ls,rigors KFT K and MG levels | Y-site compatibility: Compatibility: AmiodaroneHCL, diltiazem HCL,doripenem,z idovudine….etc","Adult Parenteral Dilution Manual, Jazan Specialist Hospital",JSH 2026,p.34
amphotericin b lipid complex,mg,no,IV inf,Initial strength: 5mg/ml. Diluents: D5W. Final concentration (IVP/IVPB): NA IVP / 1mg/ml IVPB. Standard preparation: Premixed: 100mg/ 100ml D5W. Maximum concentration: 2mg/ml. Preparation at maximum concentration: Premixed: 200mg/ 100ml D5W. Vial stability (RT/Ref): NA RT / 2day Ref. Premixed stability (RT/Ref): 6 hrs RT / 2day Ref. Rate of administration: IVP: NA IVP / IVPB: 2.5 mg/kg/hr or 2 hrs IVPB.,"Special conditions: Protect from light Don’t mix with saline or drugs or electrolyte Invert infusion container several times prior administration and every 2hrs during infusion Do not filter Flush with D5W before inf It should be protected from freezing in-line filter that is ≥1 micron may be used | Monitoring: LFT KFT CBC K and MG levels | Y-site compatibility: Compatibility: Anidulafungin,do ripenem,telavanci n HCL","Adult Parenteral Dilution Manual, Jazan Specialist Hospital",JSH 2026,p.34
amphotericin b liposomal,mg,no,IV inf,Initial strength: 4mg/ml. Diluents: D5W. Reconstitution volume: 12 ml SWFI Preservative free only Shake the vial vigorously for 30 sec. Final concentration (IVP/IVPB): 1mg/ml. Standard preparation: Premixed: 50mg/50ml D5W. Maximum concentration: 2mg/ml. Preparation at maximum concentration: 100mg/50ml D5W. Vial stability (RT/Ref): 24 hrs. Premixed stability (RT/Ref): 6 hrs. Rate of administration: IVPB: 2.5 mg/kg/hr or 1-2 hrs.,"Special conditions: It should be protected from freezing Protect from light Don’t mix with saline or drugs or electrolyte Do not filter Flush with D5W before inf in-line filter that is ≥1 micron may be used. | Monitoring: LFT KFT CBC K and MG levels | Y-site compatibility: Compatibility: Anidulafungin,do ripenem","Adult Parenteral Dilution Manual, Jazan Specialist Hospital",JSH 2026,p.35
atracurium,mg,no,IVP IV inf,Strength (name column): 50mg/5ml. Initial strength: 10mg/ ml Iv push. Diluents: D5W NS. Final concentration (IVP/IVPB): 10mg/ml undiluted / 0.5 mg/ml Contenous infusion. Standard preparation: Premixed: 50mg/100ml NS 50mg/100ml D5W. Maximum concentration: 0.5 mg/ml. Preparation at maximum concentration: Premixed: 50mg/100ml NS 50mg/100ml D5W. Premixed stability (RT/Ref): 24 hrs / 24hrs. Rate of administration: IVP: 1 mint / IVPB: 2.5-20 mcg/kg/min t.,"Special conditions: -stored under refrigeration and protected from freezing -Don't mix atracurium with alkaline solution -IM not recommended | Monitoring: Vital signs -Degree of muscle relaxation via periphera l nerve stimulator and presence of spontaneo us movement -KFT when in ICU -LFT when in ICU | Y-site compatibility: Amiodarone HCL,Cefazolin Na, Cefuroxime ….etc","Adult Parenteral Dilution Manual, Jazan Specialist Hospital",JSH 2026,p.35
bretylium tosylate,mg,no,IVP IV inf,Initial strength: 50 mg/ml. Diluents: NS D5W. Final concentration (IVP/IVPB): Undiluted IVP / 4 mg/ml IVPB. Standard preparation: 1gm/250 ml NS 1gm/250 D5W. Maximum concentration: 10mg/ml. Preparation at maximum concentration: 1gm/100ml NS 1gm/100ml D5W. Vial stability (RT/Ref): immedia tely RT / NA Ref. Premixed stability (RT/Ref): 2 day RT / 7 day Ref. Rate of administration: IVP: 1 mint IVP / IVPB: 1-2 mg/mint IVPB.,Special conditions: -do not freeze -IM injection in adult should not Exceed 5ml per site -administer while patient supine | Monitoring: -ECG -Heart rate -Blood pressure -Cardiac monitorin g | Y-site compatibility: Compatibility: No information,"Adult Parenteral Dilution Manual, Jazan Specialist Hospital",JSH 2026,p.35
digoxine,mg,no,IVP IV inf,Strength (name column): 500 mcg/2ml. Initial strength: 100mcg/ ml. Diluents: D5W NS. Final concentration (IVP/IVPB): Undiluted 250mcg/ ml / 5mcg/ ml Or in 50 ml. Standard preparation: 0.25mg/ 50ml D5W 0.25gm/ 50ml NS. Maximum concentration: Four fold dilution. Preparation at maximum concentration: Premixed: 0.5mg/ 50ml D5W 0.5gm/ 50ml NS. Vial stability (RT/Ref): Use fresh. Premixed stability (RT/Ref): 24 hrs. Rate of administration: IVP: ≥ 5 min / IVPB: 10-20 min.,"Special conditions: Protect vial from light | Monitoring: Serum K Apical Pulse daily | Y-site compatibility: Bivalirudin, ciprofloxacin, cisatracurium, linezolid…etc","Adult Parenteral Dilution Manual, Jazan Specialist Hospital",JSH 2026,p.36
dobutamine,mg,no,IV inf,Strength (name column): 250mg/20ml. Initial strength: 12.5 mg/ml. Diluents: D5W NS. Final concentration (IVP/IVPB): 2mg/ml. Standard preparation: Premixed: 500mg/ 250ml D5W. Maximum concentration: 5mg/ml. Preparation at maximum concentration: 250mg/50ml D5W 250mg/50ml NS. Premixed stability (RT/Ref): 24hrs / Use fresh. Rate of administration: IVPB: 2-40 mcg/kg/min t Continuous infusion.,"Special conditions: -IM not recommended -Correct hypovolemia prior dobutamine administration -Use infusion Pump | Monitoring: -BP -ECG -Heart rate -Serum K -Urine output -CVP, RAP, MAP,SV R, PCWP | Y-site compatibility: atracurium, ciprofloxacin, cisatracurium, dopamine…etc","Adult Parenteral Dilution Manual, Jazan Specialist Hospital",JSH 2026,p.36
dopamine,mg,no,IV inf,Strength (name column): 200mg/5ml. Initial strength: 40mg/ ml. Diluents: D5W NS. Final concentration (IVP/IVPB): NA IVP / 1.6mg/ml IVPB. Standard preparation: 400mg/ 250ml NS 400mg/ 250ml D5W. Maximum concentration: 3.2mg/ml 6.4mg/ml D5W. Preparation at maximum concentration: Premixed: 800mg/250ml D5W. Vial stability (RT/Ref): NA RT / NA Ref. Premixed stability (RT/Ref): Use fresh RT / 24 hrs Ref. Rate of administration: IVP: NA IVP / IVPB: 2-50 mcg/kg/min t Continuous infusion IVPB.,"Special conditions: -IM not recommended - Concentrations greater than 3.2 mg/mL must be given via a central line -use volumetric infusion device -Protect from light | Monitoring: -Urine output -Serum CL - CVP, RAP, MAP, SVR, PCWP -Blood pressure -ECG -Heart rate - Periphera l perfusion | Y-site compatibility: Adrenaline aminophylline, atracurium, aztreonam, ceftazidime, chloramphenicol sodium…etc","Adult Parenteral Dilution Manual, Jazan Specialist Hospital",JSH 2026,p.36
epinephrine,mg,no,IV inf IVP,"Strength (name column): 1mg/ml, (0.1mg/ml prefilled syringe). Initial strength: 1mg/ml 0.1 mg/ ml. Diluents: D5W NS. Final concentration (IVP/IVPB): 0.1mg/ml (1mg/ 10ml) / 4mcg/ ml. Standard preparation: 1mg/ 250ml D5W 1mg/ 250ml NS. Maximum concentration: 0.08mg/ ml. Preparation at maximum concentration: 8mg/ 100ml D5W 8mg/ 100ml NS Central line. Premixed stability (RT/Ref): 24 hrs / 24 hrs. Rate of administration: IVP: 2–3 minu tes into a centr al vein if perip heral vein is used, flush imme diatel y after ward s with 20 mL NaCl 0.9% / IVPB: 1-10 mcg/kg/ mint Continuous infusion.","Special conditions: Can be given central or peripheral followed by 20ml NS flush of IV fluid -IVP for specialist use only if the IM route is ineffective -Protect from light IV and IM routes preferred methods of administration in pediatric | Monitoring: BP HR Tissue necrosis Watch skin for signs of vasoconst riction | Y-site compatibility: atracurium, calcium chloride, cisatracurium, clonidine, dobutamine..etc","Adult Parenteral Dilution Manual, Jazan Specialist Hospital",JSH 2026,p.37
esmolol,mg,no,IV inf IVP,Strength (name column): 100mg/10ml. Initial strength: 10mg/ ml. Diluents: D5W NS. Final concentration (IVP/IVPB): 10mg/ml / 10mg/ ml Continuous infusion. Standard preparation: Premixed: 2.5g/ 250ml D5W 2.5g/ 250ml NS. Maximum concentration: 20mg/ ml. Preparation at maximum concentration: 2g/ 100ml D5W 2g/ 100ml NS Continuous infusion. Premixed stability (RT/Ref): 24 hrs / 24 hrs. Rate of administration: IVP: 500m cg/kg / mint Bolus follo wed by infusi on / IVPB: ≤ 200mcg/ kg/ min.,"Special conditions: IM not recommended - Concentrations >10 mg/mL are associated with more severe vein irritation and phlebitis | Monitoring: HR BP Respirato ry rate | Y-site compatibility: Amikacin, aminophylline …etc","Adult Parenteral Dilution Manual, Jazan Specialist Hospital",JSH 2026,p.37
fentanyl,mg,no,IV P IV inf,Initial strength: 100mcg/ ml. Final concentration (IVP/IVPB): Undiluted 50mcg/ml IVP / 20 mcg/ml Epidural 2 mcg/ ml PCA 10 mcg/ml IVPB. Standard preparation: 1000mcg/50ml. Maximum concentration: 50mcg/ml. Preparation at maximum concentration: 50mcg/ml. Vial stability (RT/Ref): Use fresh RT / NA Ref. Premixed stability (RT/Ref): 20mcg/ ml in NS 30d < 20mcg/ mlin NS 24hr RT / 20mc g/ml in NS 30d < 20 mcg/ mlin NS 24hr Ref. Rate of administration: IVP: 3-5 min IVP / IVPB: 50mcg- 100mcg/h r IVPB.,"Special conditions: Can be give IM | Monitoring: Resp. function Cardio function BP Sign of addiction | Y-site compatibility: Compatibility: Abciximab, Acyclovir sodiumAlprostadi l, Anidulafungin …etc","Adult Parenteral Dilution Manual, Jazan Specialist Hospital",JSH 2026,p.37
heparine,unit,no,IV inf,Initial strength: 5000 IU/ ml 25000 IU/ ml. Diluents: D5W NS. Final concentration (IVP/IVPB): 100 IU/ ml. Standard preparation: Premixed: 25000U/ 250ml D5W 25000U/ 250ml NS. Maximum concentration: 200 IU/ ml. Preparation at maximum concentration: 50000U/ 250ml D5W 50000U/ 250ml NS. Vial stability (RT/Ref): 30 Days. Premixed stability (RT/Ref): 24 hrs / 24 hrs. Rate of administration: IVPB: Titrate according to aPTT or PT.,"Special conditions: -Diluted solutions must always be inverted at least 6 times during mixing to ensure distribution of drug. | Monitoring: BP aPTT PT INR Platelet count Signs of bleeeding | Y-site compatibility: Furosemide, linezolid, metoclopramide","Adult Parenteral Dilution Manual, Jazan Specialist Hospital",JSH 2026,p.38
human soluble insuline regular,mg,no,IV inf SC,Initial strength: 100U/ ml. Diluents: NS. Final concentration (IVP/IVPB): 0.1- 1U/ ml. Standard preparation: 100U/ 100ml NS. Maximum concentration: 1U/ ml. Preparation at maximum concentration: 100U/ 100ml NS. Vial stability (RT/Ref): 30 Days. Premixed stability (RT/Ref): 24 hrs / 24 hrs. Rate of administration: IVPB: Titrate depend on Blood Glucose.,"Special conditions: Regular insulin can be given IV or SubQ -Up to 4.2 units/kg/h were required occasionally in hyperglycemic very LBW neonates (<1000 g) during first 2 weeks of life -In DKA, some endocrinologists do not use more than 3 units/h in children | Monitoring: Blood Glucose level | Y-site compatibility: Co- administration of drugs is not recommended because of the risk of inadvertently affecting insulin infusion rate","Adult Parenteral Dilution Manual, Jazan Specialist Hospital",JSH 2026,p.38
ketamine,mg,no,IVP IV inf,Strength (name column): 10mg/ml. Initial strength: 10mg/ ml 50mg/ ml 100mg/ml. Diluents: SWFI D5W NS. Final concentration (IVP/IVPB): Dilute to 1mg/ ml / 1mg/ ml. Standard preparation: 500mg/ 500ml D5W 500mg/ 500ml NS. Maximum concentration: 2mg/ ml. Preparation at maximum concentration: 500mg/ 250ml D5W 500mg/ 250ml NS. Vial stability (RT/Ref): Discard after use. Rate of administration: IVP: ≥ 1 min / IVPB: 0.1-0.5mg/ min.,"Special conditions: -Protect vial from light -the 100 mg/ ml concentration should not be administered I.V. unless properly diluted with an equal volume of SWFI ,NS,or D5W | Monitoring: BP HR Respirato ry depressio n","Adult Parenteral Dilution Manual, Jazan Specialist Hospital",JSH 2026,p.38
labetalol,mg,no,IVP IV inf,Strength (name column): 5mg/ml. Initial strength: 5mg/ ml. Diluents: D5W NS. Final concentration (IVP/IVPB): Undiluted IVP / 1mg/ ml IVPB. Standard preparation: 100mg/ 100ml NS Premixed 100mg/ 100ml D5W. Maximum concentration: 2mg/ ml. Preparation at maximum concentration: 100mg/ 50ml NS Premixed 100mg/ 50ml D5W. Vial stability (RT/Ref): Use fresh RT / NA Ref. Premixed stability (RT/Ref): Use fresh RT / 24hrs Ref. Rate of administration: IVP: 10 mg/ mint IVP / IVPB: Continuous Infusion IVPB.,"Special conditions: -Patients must be kept in a supine position during administration because a substantial fall in blood pressure may occur upon standing -Protect from light | Monitoring: BP -Pulse -LFT Respirato ry function -Infusion site every 30 mint | Y-site compatibility: Adrenaline, amikacin, aminophylline, ampicillin, calcium …etc","Adult Parenteral Dilution Manual, Jazan Specialist Hospital",JSH 2026,p.38
lidocaine,mg,no,IVP IV inf,Strength (name column): 1% Vial 2%vial 1% prefilled syringe 2% prefilled syringe Premixed bag 2gm/500ml D5W 20% viale. Initial strength: 1% vial and syringe 10mg/m l 2%viale and Syringe 20mg/m l Premixed bag 4mg/ml 20% vial 200mg/ ml. Diluents: D5W NS. Final concentration (IVP/IVPB): 10mg/ ml 20mg/ ml / 1-4mg/ ml. Standard preparation: 1g/ 500ml D5W 1g/ 500ml NS Premixed 2gm/500ml D5W. Maximum concentration: 8mg/ ml. Preparation at maximum concentration: 2g/ 250ml D5W 2g/ 250ml NS. Vial stability (RT/Ref): Use fresh. Premixed stability (RT/Ref): 24 hrs / 24 hrs. Rate of administration: IVP: 25-50 mg/ min i.e. give 1% inject ion at 2.5-5 mL/ mint; give 2% inject ion at 1.25 - 2.5 mL/ mint / IVPB: Infusion.,"Special conditions: -Use infusion Pump - Products containing adrenaline (epinephrine) or preservatives must not be given by IV injection or infusion -8 mg/mL in D5W has been used in fluid-restricted patients -Too rapid injection can cause seizure -10% and 20% concentrated solutions must not be administered without proper dilution | Monitoring: -ECG Respirato ry function -Blood pressure -Vital signs -State of conscious ness | Y-site compatibility: Alteplase, bivalirudin, cisatracurium, ciprofloxacin, dobutamine, dopamine….etc","Adult Parenteral Dilution Manual, Jazan Specialist Hospital",JSH 2026,p.39
magnesium sulfate,mg,no,IVP IV inf,Strength (name column): 50% 1gm(8mEq)/2ml 10%(0.8mEq/ml) 2gm20ml. Initial strength: 500mg/ ml 4meq/ ml. Diluents: D5W NS. Final concentration (IVP/IVPB): 0.8 mmol/mL (i.e. a maximum concentratio n of 20%) IVP / 10-20mg/ ml IVPB. Standard preparation: 1g/ 50ml D5W 1g/ 50ml NS 1g / 100 ml D5W 1g/100ml NS. Maximum concentration: 40mg/ ml. Preparation at maximum concentration: Premixed 2g/ 50ml D5W 2g/ 50ml NS. Vial stability (RT/Ref): Use fresh RT / NA Ref. Premixed stability (RT/Ref): Use fresh RT / 24 hrs Ref. Rate of administration: IVP: 0.6 mmol /minu te given over 5–15 minu tes IVP / IVPB: ≤150mg/ mint IVPB.,"Special conditions: May administer IM 20% or 50% conc may be used for adult and dilution to ≤ 20% solution is recommended for children -IVP must diluted first and not be giving faster than 150mg/mint -Maximal rate of infusion 2g/hrs to avoid hypotension Neonates: 25–50 mg magnesium sulfate/kg 8–12 hours for two or three doses -1gm= 4 mmol =8 meq | Monitoring: Serum Mg -KFT -BP Respirato ry rate -Patellar reflex -Urinary output | Y-site compatibility: Aciclovir, amikacin, ampicillin, aztreonam, benzylpenicillin, cefotaxime…etc","Adult Parenteral Dilution Manual, Jazan Specialist Hospital",JSH 2026,p.39
metoprolol tartrate,mg,no,IVP IV inf,Strength (name column): 5mg/5ml. Initial strength: 1mg/ml. Diluents: D5W NS. Final concentration (IVP/IVPB): Undiluted / 0.1mg/ml. Standard preparation: 5mg/50ml D5W 5mg/50ml NS. Maximum concentration: 0.4mg/ml. Preparation at maximum concentration: 20mg/50ml D5W 20mg/50ml NS. Vial stability (RT/Ref): Use fresh. Rate of administration: IVP: 1–2 mg per minu te / IVPB: 30 mint.,"Special conditions: -Protect from light -Doses greater than 20mg unlikely to be beneficial | Monitoring: -ECG -Heart rate -BP Respirato ry function or oxygen saturation in at risk individual s | Y-site compatibility: Abciximab, alteplase, bivalirudin","Adult Parenteral Dilution Manual, Jazan Specialist Hospital",JSH 2026,p.40
mexiletine,mg,no,IV inf,Strength (name column): 250mg/10ml. Initial strength: 25mg/ ml. Diluents: NS D5W. Final concentration (IVP/IVPB): A loading dose is given by intravenous injection at a rate of 1 mL (25 mg) per minute. This is followed by intravenous infusion of a 500-mg/500 mL (1mg/mL) dilution in a suitable infusion solution. The initial infusion rate of the first 250 mL of the admixture is 4 mL/min over the first hour followed by infusion of the next 250 mL at 2 mL/min over the next two hours. Maintenance is performed using a 250-mg/500 mL (0.5mg/mL) dilution administered at a rate of 1 mL/min. Premixed stability (RT/Ref): 8 hrs. Rate of administration: IVPB: initial infusion rate of admixture is 4 mL/min over the first hour followed by infusion of the next 250 mL at 2 mL/min over the next two hours. Maintenanc e is performed using a 250- mg/500 mL (0.5- mg/mL) dilution administere d at a rate of 1 mL/min.,Special conditions: -It is no longer marketed in the UK as toxicity is common even at therapeutic blood concentrations -Protect from light -Give by IV infusion via a volumetric infusion device - slow IV injection at a maximum rate of 25 mg/minute (1 mL/minute) May be diluted with NaCl 0.9% or Gluc 5% to facilitate slow administration | Monitoring: -ECG -Blood pressure | Y-site compatibility: No information,"Adult Parenteral Dilution Manual, Jazan Specialist Hospital",JSH 2026,p.40
midazolam,mg,no,IVP IV inf,Initial strength: 1mg/ ml 5mg/ ml. Diluents: D5W NS. Final concentration (IVP/IVPB): Undiluted IVP / 0.5mg/ ml IVPB. Standard preparation: 50mg/ 100ml D5W 50mg/ 100ml NS. Maximum concentration: 1mg/ ml. Preparation at maximum concentration: Premixed 50mg/ 50ml D5W 50mg/ 50ml NS. Vial stability (RT/Ref): Discard after use RT / NA Ref. Premixed stability (RT/Ref): 24 hrs RT / NA Ref. Rate of administration: IVP: 2-5 mint at conc of 1-5 mg/m l IVP / IVPB: 0.5-5 mcg/kg/ min IVPB.,"Special conditions: -Can be administer IM but it's painful use only if no other route is available -Administer as per conscious sedation Protocol -dose should be calculated on ideal body weight in obese patients | Monitoring: Respirato ry and cardiovas cular status -BP | Y-site compatibility: Adrenaline, amikacin, atracurium, cisatracurium, .etc","Adult Parenteral Dilution Manual, Jazan Specialist Hospital",JSH 2026,p.40
norepinephrine,mg,no,IV inf,Initial strength: 1mg/ ml. Diluents: D5W. Final concentration (IVP/IVPB): 0.08mg/ ml. Standard preparation: 8mg/ 100ml D5W. Maximum concentration: 0.16mg/ ml. Preparation at maximum concentration: 16mg/ 100ml D5W Central Line. Vial stability (RT/Ref): Use fresh. Premixed stability (RT/Ref): 24 hrs. Rate of administration: IVPB: 2-4 mcg/min.,Special conditions: Protect from light Do not use if solution become pink or dark Do not use it undiluted Use infusion Pump IM is not recommended | Monitoring: BP HR Urine output Vital signs every 15 min Check infusion site for extravasat ions,"Adult Parenteral Dilution Manual, Jazan Specialist Hospital",JSH 2026,p.41
oxytocin,mg,no,IV inf,Initial strength: 10U/ ml. Diluents: NS LR. Final concentration (IVP/IVPB): 0.01U/ ml. Standard preparation: 10U/ 1000ml NS. Maximum concentration: 0.06U/ ml. Preparation at maximum concentration: 30U/ 500ml NS. Vial stability (RT/Ref): Use fresh. Premixed stability (RT/Ref): Use fresh. Rate of administration: IVPB: infusion.,Special conditions: No Special Conditions | Monitoring: HR,"Adult Parenteral Dilution Manual, Jazan Specialist Hospital",JSH 2026,p.41
pancuronium,mg,no,IVP IV inf,Initial strength: 1mg/ ml 2mg/ ml. Diluents: D5W NS. Final concentration (IVP/IVPB): Undiluted / 0.1mg/ ml. Standard preparation: 25mg/ 250ml D5W 25mg/ 250ml NS. Maximum concentration: 1mg/ ml. Preparation at maximum concentration: 50mg/ 50ml D5W 50mg/ 50ml NS. Vial stability (RT/Ref): Discard after use. Premixed stability (RT/Ref): 48 hrs / 48 hrs. Rate of administration: IVP: 1 min / IVPB: 1mcg/kg/mi n.,Special conditions: Bolus injection is recommended over continuous infusion Sedative must be used | Monitoring: BP HR Respirato ry function Train of four,"Adult Parenteral Dilution Manual, Jazan Specialist Hospital",JSH 2026,p.41
phenobarbital,mg,no,IVP IV inf,Initial strength: 65mg/ ml. Diluents: SWFI D5W NS. Reconstitution volume: 5-10ml. Final concentration (IVP/IVPB): Undiluted / 0-100mg/ 50ml. Maximum concentration: 65mg/ ml. Preparation at maximum concentration: >100mg/ 100ml. Vial stability (RT/Ref): Discard after use. Rate of administration: IVPB: Max 60mg/ min.,Special conditions: Avoid rapid IV infusion. Do not give by subcutaneous route. | Monitoring: BP Serum level Respirato ry Rate,"Adult Parenteral Dilution Manual, Jazan Specialist Hospital",JSH 2026,p.41
phenylephrine,mg,no,IVP IV inf,Initial strength: 10mg/ ml. Diluents: D5W NS SWFI. Final concentration (IVP/IVPB): Dilute Iml of the 10mg/ ml solution in 9ml SWFI / 0.08mg/ ml. Standard preparation: 40mg/ 500ml D5W 40mg/ 500ml NS. Maximum concentration: 0.08mg/ ml. Preparation at maximum concentration: 40mg/ 500ml D5W 40mg/ 500ml NS. Premixed stability (RT/Ref): 48 hrs. Rate of administration: IVP: 1-2 min / IVPB: 40-80 mcg/min.,Special conditions: Protect from light Do not use if solution is brown or has any precipitate Do not refrigerate | Monitoring: BP HR,"Adult Parenteral Dilution Manual, Jazan Specialist Hospital",JSH 2026,p.41
phenytoin,mg,no,IVP IV inf,Initial strength: 50mg/ ml. Diluents: NS. Final concentration (IVP/IVPB): NA IVP / >100mg and ≤ 500 mg in 50 ml >500mg ≤1gm in 100 ml >1gm ≤ 2.5 IVPB gm in 250ml. Standard preparation: 100mg/ 50ml NS. Maximum concentration: 10 mg/ ml. Preparation at maximum concentration: 100mg/ 50ml NS. Vial stability (RT/Ref): NA RT / NA Ref. Premixed stability (RT/Ref): 4 hrs RT / NA Ref. Rate of administration: IVP: 50 mg/ min IVP / IVPB: 30 - 60 min IVPB.,Special conditions: Do not Refrigerate Watch for precipitation | Monitoring: CBC ECG LFT BP,"Adult Parenteral Dilution Manual, Jazan Specialist Hospital",JSH 2026,p.41
potassium chloride,mg,no,IV inf,Initial strength: 2meq/ ml. Diluents: D5W NS SWFI. Final concentration (IVP/IVPB): 0.08meq/ ml 0.1meq/ ml. Standard preparation: 10meq/ 100ml D5W 10meq/ 100ml NS 20meq/ 250ml D5W 20meq/ 250ml NS 40meq/ 500ml D5W 40meq/ 500ml NS. Maximum concentration: 0.4meq/ ml. Preparation at maximum concentration: 40meq/ 100ml NS. Premixed stability (RT/Ref): 24 hrs. Rate of administration: IVPB: 10meq/ hr.,"Special conditions: Never give as IV push or IM may cause instant death | Monitoring: ECG Serum K, Cl KFT","Adult Parenteral Dilution Manual, Jazan Specialist Hospital",JSH 2026,p.42
potassium phosphat e,mg,no,IV inf,Initial strength: 4.4meq/ ml k 3mmol PO 4. Diluents: D5W NS. Final concentration (IVP/IVPB): 0.06mmol/ ml. Standard preparation: 15mmol/ 250ml D5W 15mmol/ 250ml NS1. Maximum concentration: 0.15mmol / ml. Preparation at maximum concentration: 15mmol/ 100ml D5W 15mmol/ 100ml NS2. Premixed stability (RT/Ref): 24 hrs. Rate of administration: IVPB: 4-6 hrs 2 hrs.,Monitoring: ECG Serum K KFT,"Adult Parenteral Dilution Manual, Jazan Specialist Hospital",JSH 2026,p.42
procainamide,mg,no,IVP IV inf,Initial strength: 100mg/ ml. Diluents: D5W NS. Final concentration (IVP/IVPB): Undiluted / 4mg/ ml. Standard preparation: 1g/ 250ml D5W. Maximum concentration: 8mg/ ml. Preparation at maximum concentration: 2g/ 250ml D5W. Vial stability (RT/Ref): Use fresh / 24 hrs. Premixed stability (RT/Ref): 24 hrs. Rate of administration: IVP: 50mg / min / IVPB: infusion.,Special conditions: Do not Refrigerate | Monitoring: BP CBC ECG,"Adult Parenteral Dilution Manual, Jazan Specialist Hospital",JSH 2026,p.42
promethazine,mg,no,IV inf,Initial strength: 25mg/ ml. Diluents: D5W NS. Final concentration (IVP/IVPB): 0.5-0.1mg/ ml. Standard preparation: 25mg/ 250ml D5W 25mg/ 250ml NS. Maximum concentration: 0.25mg/ ml. Preparation at maximum concentration: 25mg/ 100ml D5W 25mg/ 100ml NS. Vial stability (RT/Ref): Use fresh. Premixed stability (RT/Ref): Use fresh. Rate of administration: IVPB: 30 min.,Special conditions: Can be given IM | Monitoring: LFT,"Adult Parenteral Dilution Manual, Jazan Specialist Hospital",JSH 2026,p.42
propofol,mg,no,IVP IV inf,Initial strength: 10mg/ ml 20mg/ ml. Diluents: D5W. Final concentration (IVP/IVPB): 10mg/ ml / Not less than 2mg/ ml Standard 10mg/ ml. Standard preparation: 500mg/ 50ml D5W. Maximum concentration: 10mg/ ml. Preparation at maximum concentration: 500mg/ 50ml D5W. Vial stability (RT/Ref): 12 hrs. Premixed stability (RT/Ref): 12 hrs. Rate of administration: IVP: 1-2 min / IVPB: 0.3mg/ kg/ hr.,Special conditions: Do not Refrigerate Shake well before use Replace IV tubing q6-12h | Monitoring: BP Respirato ry function,"Adult Parenteral Dilution Manual, Jazan Specialist Hospital",JSH 2026,p.42
propranolol,mg,no,IVP IV inf,Initial strength: 1 mg/ ml. Diluents: D5W NS. Final concentration (IVP/IVPB): Undiluted / 0.02mg/ ml. Standard preparation: 1mg/ 50ml D5W 1mg/ 50ml NS. Maximum concentration: 0.06mg/ ml. Preparation at maximum concentration: 15mg/ 250ml D5W 15mg/ 50ml NS. Vial stability (RT/Ref): Use fresh. Premixed stability (RT/Ref): 24 hrs. Rate of administration: IVP: 1 mg/ min / IVPB: 30 min.,Special conditions: IM not recommended | Monitoring: BP ECG,"Adult Parenteral Dilution Manual, Jazan Specialist Hospital",JSH 2026,p.42
retaplase,mg,no,IVP IV inf,Initial strength: 18.1mg (10.4U). Diluents: Include SWFI. Reconstitution volume: 10ml. Final concentration (IVP/IVPB): For MI 10U/ 10ml IVP / For Catheter- directed thrombolytic therapy 10U/ 500ml IVPB. Standard preparation: For MI: 10U/ 10ml SWFI For Catheter- directed thrombolytic therapy: 5-10U/ 100- 500ml NS. Maximum concentration: 1U/ ml. Preparation at maximum concentration: 10U/ 10ml SWFI. Vial stability (RT/Ref): NA RT / NA Ref. Premixed stability (RT/Ref): For MI: 4 hrs For Cathete r- directe d thromb olytic therapy : RT 24 hrs / For MI: 4 hrs Ref. Rate of administration: IVP: Fro MI 2 min IVP / IVPB: For Catheter- directed thrombo- lytic therapy 0.25-1 U/hr IVPB.,Special conditions: No Special Conditions | Monitoring: aPTT PT ECG CBC,"Adult Parenteral Dilution Manual, Jazan Specialist Hospital",JSH 2026,p.42
streptokinase,mg,no,IV inf,Initial strength: 50000U/ ml 150000U/ ml 300000U/ ml. Diluents: NS. Reconstitution volume: 5 ml NS. Final concentration (IVP/IVPB): 5000U/ ml 7500U/ ml 15000U/ ml. Standard preparation: 250000U/ 50ml NS 750000U/ 100ml NS 1.5Million U/ 100ml NS. Maximum concentration: 30000U/ ml. Preparation at maximum concentration: 1.5million U/ 50ml NS. Premixed stability (RT/Ref): 24 hrs / 24 hrs. Rate of administration: IVPB: 30-60 min.,Special conditions: Do not freeze | Monitoring: BP LFT KFT aPTT PT,"Adult Parenteral Dilution Manual, Jazan Specialist Hospital",JSH 2026,p.43
succinylcholine suxamehtonium,mg,no,IVP IV inf,Initial strength: 20mg/ ml 50mg/ ml 100mg/ ml. Diluents: SWFI D5W NS. Reconstitution volume: 5-10ml. Final concentration (IVP/IVPB): Undiluted / 1-2mg/ ml. Standard preparation: 500mg/ 250ml D5W 500mg/ 250ml NS. Maximum concentration: 2mg/ ml. Preparation at maximum concentration: 500mg/ 250ml D5W 500mg/ 250ml NS. Vial stability (RT/Ref): 24 hrs for powder. Premixed stability (RT/Ref): 24 hrs. Rate of administration: IVP: 10-30 sec / IVPB: 0.5-10 mg/min.,Special conditions: IM deep injection preferably into high deltoid muscle For IM total dose not exceed 150mg Test dose 0.1mg/ kg to determine sensitivity and recovery time | Monitoring: ECG Potassium level Respirato ry function,"Adult Parenteral Dilution Manual, Jazan Specialist Hospital",JSH 2026,p.43
thiopental,mg,no,IVP IV inf,Initial strength: 50mg/ ml. Diluents: SWFI D5W NS. Reconstitution volume: 10ml. Final concentration (IVP/IVPB): 25mg/ ml / 2 mg/ ml. Standard preparation: 500mg/ 250ml D5W 500mg/ 250ml NS. Maximum concentration: 50mg/ ml. Preparation at maximum concentration: 5g/ 100ml D5W 5g/ 100ml NS. Vial stability (RT/Ref): Discard after use. Premixed stability (RT/Ref): 3 days / 7 days. Rate of administration: IVP: 20-30 sec / IVPB: Infusion.,Special conditions: Avoid Extravasatio n | Monitoring: ECG RR Neurologi cal status,"Adult Parenteral Dilution Manual, Jazan Specialist Hospital",JSH 2026,p.43
vecuronium bromide,mg,no,IV P IV inf,Initial strength: 1mg/ml. Diluents: D5W NS. Reconstitution volume: 10ml of bact.WFI Or SWFI. Final concentration (IVP/IVPB): 1mg/ml / 0.1- 0.2mg/ml. Standard preparation: 1mg/10ml D5W or NS. Maximum concentration: 1mg/ml. Preparation at maximum concentration: 1mg/5ml D5W or NS. Vial stability (RT/Ref): Bact.WF I 5d / Bact. WFI 5d SWF I 24hr. Premixed stability (RT/Ref): 24hr. Rate of administration: IVP: 30sec / IVPB: 0.7- 1.7mcg/kg/ min.,"Special conditions: Cannot be given IM Or intermittent inf. | Monitoring: Bl. Gas, BP,RR, HR | Y-site compatibility: Compatibility: Alprostadil, Aminophylline, Cefazolin sodium, …etc","Adult Parenteral Dilution Manual, Jazan Specialist Hospital",JSH 2026,p.43
verapamil,mg,no,IVP IV inf,Initial strength: 2.5mg/ ml. Diluents: D5W NS. Final concentration (IVP/IVPB): Undiluted / 1mg/ ml. Standard preparation: 160mg/ 100ml D5W 160mg/ 100ml NS. Maximum concentration: 1mg/ ml. Preparation at maximum concentration: 160mg/ 100ml D5W 160mg/ 100ml NS. Premixed stability (RT/Ref): 24 hrs. Rate of administration: IVP: 2 min / IVPB: 5mg/ hr.,"Special conditions: Compatible with KCl | Monitoring: Serum K, Na, Ca, Mg | Y-site compatibility: Compatibility: Argatroban, Bivalirudin, Ciprofloxacin, Clarithromycin","Adult Parenteral Dilution Manual, Jazan Specialist Hospital",JSH 2026,p.43
bretylium,mg,no,IV infusion,"Standard concentration: 1000 mg / 250 ml D5W. Maintenance dose: (0.014--0.028)mg/kg/min. Infusion rate per weight: see chart, p.2-3.",,"Adult IV Drip Chart (MOH standard concentration), JSH",JSH 2026,p.2
dexmedetomidine,mg,no,IV infusion,"Standard concentration: 200mcg/50ml NS =4mcg/ml. Infusion rate per weight: see chart, p.12.",,"Adult IV Drip Chart (MOH standard concentration), JSH",JSH 2026,p.12
nitroprusside,mg,no,IV infusion,"Standard concentration: 50 mg / 250 ml =200MCG/ML; 50 mg / 250 ml=200MCG/ML. Infusion rate per weight: see chart, p.26-27.",,"Adult IV Drip Chart (MOH standard concentration), JSH",JSH 2026,p.26
